subject_id	subject_label	object_id	object_label	comment_leonmap	comment_gilda	confidence_leonmap	confidence_gilda	mapping_justification_leonmap	mapping_justification_gilda	predicate_id_leonmap	predicate_id_gilda
icd10:A22.2	Gastrointestinal anthrax	mesh:C571911	Gastrointestinal anthrax	cosine=1.000000		1.0	1.0	semapv:LexicalMatching	semapv:LexicalMatching	skos:exactMatch	skos:exactMatch
icd10:C86.3	Subcutaneous panniculitis-like T-cell lymphoma	mesh:C537503	Subcutaneous panniculitis-like T-cell lymphoma	cosine=1.000000		1.0	1.0	semapv:LexicalMatching	semapv:LexicalMatching	skos:exactMatch	skos:exactMatch
icd10:Q35.3	Cleft soft palate	mesh:C562950	Cleft Soft Palate	cosine=1.000000		1.0	1.0	semapv:LexicalMatching	semapv:LexicalMatching	skos:exactMatch	skos:exactMatch
icd10:T51.3	Fusel oil	mesh:C007807	fusel oil	cosine=1.000000		1.0	1.0	semapv:LexicalMatching	semapv:LexicalMatching	skos:exactMatch	skos:exactMatch
icd10:A22.0	Cutaneous anthrax	mesh:C531621	Cutaneous anthrax	cosine=0.959543		1.0	1.0	semapv:LexicalMatching	semapv:LexicalMatching	skos:exactMatch	skos:exactMatch
icd10:Q45.1	Annular pancreas	mesh:C536376	Annular pancreas	cosine=0.952773		1.0	1.0	semapv:LexicalMatching	semapv:LexicalMatching	skos:exactMatch	skos:exactMatch
icd10:M12.3	Palindromic rheumatism	mesh:C538103	Palindromic rheumatism	cosine=0.950156		1.0	1.0	semapv:LexicalMatching	semapv:LexicalMatching	skos:exactMatch	skos:exactMatch
icd10:E67.0	Hypervitaminosis A	mesh:D006986	Hypervitaminosis A	cosine=0.941888		1.0	1.0	semapv:LexicalMatching	semapv:LexicalMatching	skos:exactMatch	skos:exactMatch
icd10:D58.1	Hereditary elliptocytosis	mesh:D004612	Elliptocytosis, Hereditary	cosine=0.938904		1.0	1.0	semapv:LexicalMatching	semapv:LexicalMatching	skos:exactMatch	skos:exactMatch
icd10:Y47.4	Bromine compounds	mesh:D017605	Bromine Compounds	cosine=0.937036		1.0	1.0	semapv:LexicalMatching	semapv:LexicalMatching	skos:exactMatch	skos:exactMatch
icd10:A07.3	Isosporiasis	mesh:D021865	Isosporiasis	cosine=0.935295		1.0	1.0	semapv:LexicalMatching	semapv:LexicalMatching	skos:exactMatch	skos:exactMatch
icd10:K83.0	Cholangitis	mesh:D002761	Cholangitis	cosine=0.931747		1.0	1.0	semapv:LexicalMatching	semapv:LexicalMatching	skos:exactMatch	skos:exactMatch
icd10:T79.4	Traumatic shock	mesh:D012774	Shock, Traumatic	cosine=0.929071		1.0	1.0	semapv:LexicalMatching	semapv:LexicalMatching	skos:exactMatch	skos:exactMatch
icd10:R82.1	Myoglobinuria	mesh:D009212	Myoglobinuria	cosine=0.928068		1.0	1.0	semapv:LexicalMatching	semapv:LexicalMatching	skos:exactMatch	skos:exactMatch
icd10:M22.4	Chondromalacia patellae	mesh:D046789	Chondromalacia Patellae	cosine=0.927754		1.0	1.0	semapv:LexicalMatching	semapv:LexicalMatching	skos:exactMatch	skos:exactMatch
icd10:B66.2	Dicrocoeliasis	mesh:D004011	Dicrocoeliasis	cosine=0.927462		1.0	1.0	semapv:LexicalMatching	semapv:LexicalMatching	skos:exactMatch	skos:exactMatch
icd10:Q77.0	Achondrogenesis	mesh:C579878	Achondrogenesis	cosine=0.921598		1.0	1.0	semapv:LexicalMatching	semapv:LexicalMatching	skos:exactMatch	skos:exactMatch
icd10:Q67.0	Facial asymmetry	mesh:D005146	Facial Asymmetry	cosine=0.921511		1.0	1.0	semapv:LexicalMatching	semapv:LexicalMatching	skos:exactMatch	skos:exactMatch
icd10:H01.0	Blepharitis	mesh:D001762	Blepharitis	cosine=0.920960		1.0	1.0	semapv:LexicalMatching	semapv:LexicalMatching	skos:exactMatch	skos:exactMatch
icd10:L29.2	Pruritus vulvae	mesh:D011539	Pruritus Vulvae	cosine=0.919747		1.0	1.0	semapv:LexicalMatching	semapv:LexicalMatching	skos:exactMatch	skos:exactMatch
icd10:T68	Hypothermia	mesh:D007035	Hypothermia	cosine=0.918717		1.0	1.0	semapv:LexicalMatching	semapv:LexicalMatching	skos:exactMatch	skos:exactMatch
icd10:R18	Ascites	mesh:D001201	Ascites	cosine=0.917603		1.0	1.0	semapv:LexicalMatching	semapv:LexicalMatching	skos:exactMatch	skos:exactMatch
icd10:Z54	Convalescence	mesh:D003289	Convalescence	cosine=0.917102		1.0	1.0	semapv:LexicalMatching	semapv:LexicalMatching	skos:exactMatch	skos:exactMatch
icd10:L08.0	Pyoderma	mesh:D011711	Pyoderma	cosine=0.916808		1.0	1.0	semapv:LexicalMatching	semapv:LexicalMatching	skos:exactMatch	skos:exactMatch
icd10:T33-T35	Frostbite	mesh:D005627	Frostbite	cosine=0.915029		1.0	1.0	semapv:LexicalMatching	semapv:LexicalMatching	skos:exactMatch	skos:exactMatch
icd10:Q32.0	Congenital tracheomalacia	mesh:C557675	Congenital tracheomalacia	cosine=0.914818		1.0	1.0	semapv:LexicalMatching	semapv:LexicalMatching	skos:exactMatch	skos:exactMatch
icd10:Y59.1	Rickettsial vaccines	mesh:D012290	Rickettsial Vaccines	cosine=0.913816		1.0	1.0	semapv:LexicalMatching	semapv:LexicalMatching	skos:exactMatch	skos:exactMatch
icd10:G83.4	Cauda equina syndrome	mesh:D000077684	Cauda Equina Syndrome	cosine=0.913744		1.0	1.0	semapv:LexicalMatching	semapv:LexicalMatching	skos:exactMatch	skos:exactMatch
icd10:R04.0	Epistaxis	mesh:D004844	Epistaxis	cosine=0.913480		1.0	1.0	semapv:LexicalMatching	semapv:LexicalMatching	skos:exactMatch	skos:exactMatch
icd10:H16.2	Keratoconjunctivitis	mesh:D007637	Keratoconjunctivitis	cosine=0.911092		1.0	1.0	semapv:LexicalMatching	semapv:LexicalMatching	skos:exactMatch	skos:exactMatch
icd10:E40-E46	Malnutrition	mesh:D044342	Malnutrition	cosine=0.910807		1.0	1.0	semapv:LexicalMatching	semapv:LexicalMatching	skos:exactMatch	skos:exactMatch
icd10:A07.0	Balantidiasis	mesh:D001447	Balantidiasis	cosine=0.909085		1.0	1.0	semapv:LexicalMatching	semapv:LexicalMatching	skos:exactMatch	skos:exactMatch
icd10:H35.1	Retinopathy of prematurity	mesh:D012178	Retinopathy of Prematurity	cosine=0.907761		1.0	1.0	semapv:LexicalMatching	semapv:LexicalMatching	skos:exactMatch	skos:exactMatch
icd10:M77.4	Metatarsalgia	mesh:D037061	Metatarsalgia	cosine=0.907061		1.0	1.0	semapv:LexicalMatching	semapv:LexicalMatching	skos:exactMatch	skos:exactMatch
icd10:K14.0	Glossitis	mesh:D005928	Glossitis	cosine=0.905292		1.0	1.0	semapv:LexicalMatching	semapv:LexicalMatching	skos:exactMatch	skos:exactMatch
icd10:N94.1	Dyspareunia	mesh:D004414	Dyspareunia	cosine=0.905023		1.0	1.0	semapv:LexicalMatching	semapv:LexicalMatching	skos:exactMatch	skos:exactMatch
icd10:I89.1	Lymphangitis	mesh:D008205	Lymphangitis	cosine=0.904745		1.0	1.0	semapv:LexicalMatching	semapv:LexicalMatching	skos:exactMatch	skos:exactMatch
icd10:L85.0	Acquired ichthyosis	mesh:C538175	Acquired ichthyosis	cosine=0.904505		1.0	1.0	semapv:LexicalMatching	semapv:LexicalMatching	skos:exactMatch	skos:exactMatch
icd10:T60.4	Rodenticides	mesh:D012378	Rodenticides	cosine=0.904474		1.0	1.0	semapv:LexicalMatching	semapv:LexicalMatching	skos:exactMatch	skos:exactMatch
icd10:G44.2	Tension-type headache	mesh:D018781	Tension-Type Headache	cosine=0.904456		1.0	1.0	semapv:LexicalMatching	semapv:LexicalMatching	skos:exactMatch	skos:exactMatch
icd10:L29.0	Pruritus ani	mesh:D011538	Pruritus Ani	cosine=0.903979		1.0	1.0	semapv:LexicalMatching	semapv:LexicalMatching	skos:exactMatch	skos:exactMatch
icd10:R63.0	Anorexia	mesh:D000855	Anorexia	cosine=0.902083		1.0	1.0	semapv:LexicalMatching	semapv:LexicalMatching	skos:exactMatch	skos:exactMatch
icd10:E06.3	Autoimmune thyroiditis	mesh:D013967	Thyroiditis, Autoimmune	cosine=0.901619		1.0	1.0	semapv:LexicalMatching	semapv:LexicalMatching	skos:exactMatch	skos:exactMatch
icd10:T53.1	Chloroform	mesh:D002725	Chloroform	cosine=0.900863		1.0	1.0	semapv:LexicalMatching	semapv:LexicalMatching	skos:exactMatch	skos:exactMatch
icd10:K80	Cholelithiasis	mesh:D002769	Cholelithiasis	cosine=0.899478		1.0	1.0	semapv:LexicalMatching	semapv:LexicalMatching	skos:exactMatch	skos:exactMatch
icd10:O30.2	Quadruplet pregnancy	mesh:D059287	Pregnancy, Quadruplet	cosine=0.899187		1.0	1.0	semapv:LexicalMatching	semapv:LexicalMatching	skos:exactMatch	skos:exactMatch
icd10:B36.1	Tinea nigra	mesh:C000656904	tinea nigra	cosine=0.899113		1.0	1.0	semapv:LexicalMatching	semapv:LexicalMatching	skos:exactMatch	skos:exactMatch
icd10:J43	Emphysema	mesh:D004646	Emphysema	cosine=0.898789		1.0	1.0	semapv:LexicalMatching	semapv:LexicalMatching	skos:exactMatch	skos:exactMatch
icd10:I68.0	Cerebral amyloid angiopathy	mesh:D016657	Cerebral Amyloid Angiopathy	cosine=0.898734		1.0	1.0	semapv:LexicalMatching	semapv:LexicalMatching	skos:exactMatch	skos:exactMatch
icd10:K60.4	Rectal fistula	mesh:D012003	Rectal Fistula	cosine=0.898589		1.0	1.0	semapv:LexicalMatching	semapv:LexicalMatching	skos:exactMatch	skos:exactMatch
icd10:E87.3	Alkalosis	mesh:D000471	Alkalosis	cosine=0.898265		1.0	1.0	semapv:LexicalMatching	semapv:LexicalMatching	skos:exactMatch	skos:exactMatch
icd10:N80	Endometriosis	mesh:D004715	Endometriosis	cosine=0.898117		1.0	1.0	semapv:LexicalMatching	semapv:LexicalMatching	skos:exactMatch	skos:exactMatch
icd10:H83.0	Labyrinthitis	mesh:D007762	Labyrinthitis	cosine=0.897157		1.0	1.0	semapv:LexicalMatching	semapv:LexicalMatching	skos:exactMatch	skos:exactMatch
icd10:C88.3	Immunoproliferative small intestinal disease	mesh:D007161	Immunoproliferative Small Intestinal Disease	cosine=0.896825		1.0	1.0	semapv:LexicalMatching	semapv:LexicalMatching	skos:exactMatch	skos:exactMatch
icd10:R45.5	Hostility	mesh:D006791	Hostility	cosine=0.896658		1.0	1.0	semapv:LexicalMatching	semapv:LexicalMatching	skos:exactMatch	skos:exactMatch
icd10:B35.3	Tinea pedis	mesh:D014008	Tinea Pedis	cosine=0.896385		1.0	1.0	semapv:LexicalMatching	semapv:LexicalMatching	skos:exactMatch	skos:exactMatch
icd10:I20.0	Unstable angina	mesh:D000789	Angina, Unstable	cosine=0.895683		1.0	1.0	semapv:LexicalMatching	semapv:LexicalMatching	skos:exactMatch	skos:exactMatch
icd10:I63	Cerebral infarction	mesh:D002544	Cerebral Infarction	cosine=0.894192		1.0	1.0	semapv:LexicalMatching	semapv:LexicalMatching	skos:exactMatch	skos:exactMatch
icd10:R52.0	Acute pain	mesh:D059787	Acute Pain	cosine=0.892957		1.0	1.0	semapv:LexicalMatching	semapv:LexicalMatching	skos:exactMatch	skos:exactMatch
icd10:N81.6	Rectocele	mesh:D020047	Rectocele	cosine=0.892646		1.0	1.0	semapv:LexicalMatching	semapv:LexicalMatching	skos:exactMatch	skos:exactMatch
icd10:R57.0	Cardiogenic shock	mesh:D012770	Shock, Cardiogenic	cosine=0.891770		1.0	1.0	semapv:LexicalMatching	semapv:LexicalMatching	skos:exactMatch	skos:exactMatch
icd10:Q35	Cleft palate	mesh:D002972	Cleft Palate	cosine=0.891564		1.0	1.0	semapv:LexicalMatching	semapv:LexicalMatching	skos:exactMatch	skos:exactMatch
icd10:B58	Toxoplasmosis	mesh:D014123	Toxoplasmosis	cosine=0.891047		1.0	1.0	semapv:LexicalMatching	semapv:LexicalMatching	skos:exactMatch	skos:exactMatch
icd10:O02.1	Missed abortion	mesh:D000030	Abortion, Missed	cosine=0.890056		1.0	1.0	semapv:LexicalMatching	semapv:LexicalMatching	skos:exactMatch	skos:exactMatch
icd10:Q25.0	Patent ductus arteriosus	mesh:D004374	Ductus Arteriosus, Patent	cosine=0.889095		1.0	1.0	semapv:LexicalMatching	semapv:LexicalMatching	skos:exactMatch	skos:exactMatch
icd10:E54	Ascorbic acid deficiency	mesh:D001206	Ascorbic Acid Deficiency	cosine=0.889065		1.0	1.0	semapv:LexicalMatching	semapv:LexicalMatching	skos:exactMatch	skos:exactMatch
icd10:D82.0	Wiskott-Aldrich syndrome	mesh:D014923	Wiskott-Aldrich Syndrome	cosine=0.888428		1.0	1.0	semapv:LexicalMatching	semapv:LexicalMatching	skos:exactMatch	skos:exactMatch
icd10:M05.0	Felty syndrome	mesh:D005258	Felty Syndrome	cosine=0.888341		1.0	1.0	semapv:LexicalMatching	semapv:LexicalMatching	skos:exactMatch	skos:exactMatch
icd10:H52.4	Presbyopia	mesh:D011305	Presbyopia	cosine=0.887941		1.0	1.0	semapv:LexicalMatching	semapv:LexicalMatching	skos:exactMatch	skos:exactMatch
icd10:K81.0	Acute cholecystitis	mesh:D041881	Cholecystitis, Acute	cosine=0.887858		1.0	1.0	semapv:LexicalMatching	semapv:LexicalMatching	skos:exactMatch	skos:exactMatch
icd10:B44	Aspergillosis	mesh:D001228	Aspergillosis	cosine=0.887065		1.0	1.0	semapv:LexicalMatching	semapv:LexicalMatching	skos:exactMatch	skos:exactMatch
icd10:B70.0	Diphyllobothriasis	mesh:D004169	Diphyllobothriasis	cosine=0.884371		1.0	1.0	semapv:LexicalMatching	semapv:LexicalMatching	skos:exactMatch	skos:exactMatch
icd10:H10	Conjunctivitis	mesh:D003231	Conjunctivitis	cosine=0.883847		1.0	1.0	semapv:LexicalMatching	semapv:LexicalMatching	skos:exactMatch	skos:exactMatch
icd10:M89.5	Osteolysis	mesh:D010014	Osteolysis	cosine=0.882190		1.0	1.0	semapv:LexicalMatching	semapv:LexicalMatching	skos:exactMatch	skos:exactMatch
icd10:N30	Cystitis	mesh:D003556	Cystitis	cosine=0.881832		1.0	1.0	semapv:LexicalMatching	semapv:LexicalMatching	skos:exactMatch	skos:exactMatch
icd10:M48.0	Spinal stenosis	mesh:D013130	Spinal Stenosis	cosine=0.881141		1.0	1.0	semapv:LexicalMatching	semapv:LexicalMatching	skos:exactMatch	skos:exactMatch
icd10:R10.0	Acute abdomen	mesh:D000006	Abdomen, Acute	cosine=0.881064		1.0	1.0	semapv:LexicalMatching	semapv:LexicalMatching	skos:exactMatch	skos:exactMatch
icd10:T59.0	Nitrogen oxides	mesh:D009589	Nitrogen Oxides	cosine=0.880744		1.0	1.0	semapv:LexicalMatching	semapv:LexicalMatching	skos:exactMatch	skos:exactMatch
icd10:E24.3	Ectopic ACTH syndrome	mesh:D000182	ACTH Syndrome, Ectopic	cosine=0.879942		1.0	1.0	semapv:LexicalMatching	semapv:LexicalMatching	skos:exactMatch	skos:exactMatch
icd10:B73	Onchocerciasis	mesh:D009855	Onchocerciasis	cosine=0.879625		1.0	1.0	semapv:LexicalMatching	semapv:LexicalMatching	skos:exactMatch	skos:exactMatch
icd10:B76.0	Ancylostomiasis	mesh:D000724	Ancylostomiasis	cosine=0.879427		1.0	1.0	semapv:LexicalMatching	semapv:LexicalMatching	skos:exactMatch	skos:exactMatch
icd10:F60.7	Dependent personality disorder	mesh:D003859	Dependent Personality Disorder	cosine=0.878644		1.0	1.0	semapv:LexicalMatching	semapv:LexicalMatching	skos:exactMatch	skos:exactMatch
icd10:Z72.0	Tobacco use	mesh:D064424	Tobacco Use	cosine=0.876920		1.0	1.0	semapv:LexicalMatching	semapv:LexicalMatching	skos:exactMatch	skos:exactMatch
icd10:N20-N23	Urolithiasis	mesh:D052878	Urolithiasis	cosine=0.876699		1.0	1.0	semapv:LexicalMatching	semapv:LexicalMatching	skos:exactMatch	skos:exactMatch
icd10:F52.4	Premature ejaculation	mesh:D061686	Premature Ejaculation	cosine=0.875111		1.0	1.0	semapv:LexicalMatching	semapv:LexicalMatching	skos:exactMatch	skos:exactMatch
icd10:O00.2	Ovarian pregnancy	mesh:D065172	Pregnancy, Ovarian	cosine=0.873264		1.0	1.0	semapv:LexicalMatching	semapv:LexicalMatching	skos:exactMatch	skos:exactMatch
icd10:Q11.2	Microphthalmos	mesh:D008850	Microphthalmos	cosine=0.873096		1.0	1.0	semapv:LexicalMatching	semapv:LexicalMatching	skos:exactMatch	skos:exactMatch
icd10:K04.0	Pulpitis	mesh:D011671	Pulpitis	cosine=0.873014		1.0	1.0	semapv:LexicalMatching	semapv:LexicalMatching	skos:exactMatch	skos:exactMatch
icd10:A39.1	Waterhouse-Friderichsen syndrome	mesh:D014884	Waterhouse-Friderichsen Syndrome	cosine=0.872807		1.0	1.0	semapv:LexicalMatching	semapv:LexicalMatching	skos:exactMatch	skos:exactMatch
icd10:H53.6	Night blindness	mesh:D009755	Night Blindness	cosine=0.872359		1.0	1.0	semapv:LexicalMatching	semapv:LexicalMatching	skos:exactMatch	skos:exactMatch
icd10:A30.3	Borderline leprosy	mesh:D015439	Leprosy, Borderline	cosine=0.872198		1.0	1.0	semapv:LexicalMatching	semapv:LexicalMatching	skos:exactMatch	skos:exactMatch
icd10:N81.1	Cystocele	mesh:D052858	Cystocele	cosine=0.872100		1.0	1.0	semapv:LexicalMatching	semapv:LexicalMatching	skos:exactMatch	skos:exactMatch
icd10:I47.1	Supraventricular tachycardia	mesh:D013617	Tachycardia, Supraventricular	cosine=0.872007		1.0	1.0	semapv:LexicalMatching	semapv:LexicalMatching	skos:exactMatch	skos:exactMatch
icd10:F50.0	Anorexia nervosa	mesh:D000856	Anorexia Nervosa	cosine=0.871407		1.0	1.0	semapv:LexicalMatching	semapv:LexicalMatching	skos:exactMatch	skos:exactMatch
icd10:K70.0	Alcoholic fatty liver	mesh:D005235	Fatty Liver, Alcoholic	cosine=0.871160		1.0	1.0	semapv:LexicalMatching	semapv:LexicalMatching	skos:exactMatch	skos:exactMatch
icd10:O40	Polyhydramnios	mesh:D006831	Polyhydramnios	cosine=0.870604		1.0	1.0	semapv:LexicalMatching	semapv:LexicalMatching	skos:exactMatch	skos:exactMatch
icd10:Y58.3	Plague vaccine	mesh:D010931	Plague Vaccine	cosine=0.870529		1.0	1.0	semapv:LexicalMatching	semapv:LexicalMatching	skos:exactMatch	skos:exactMatch
icd10:L87.2	Elastosis perforans serpiginosa	mesh:C536202	Elastosis perforans serpiginosa	cosine=0.870098		1.0	1.0	semapv:LexicalMatching	semapv:LexicalMatching	skos:exactMatch	skos:exactMatch
icd10:R64	Cachexia	mesh:D002100	Cachexia	cosine=0.869881		1.0	1.0	semapv:LexicalMatching	semapv:LexicalMatching	skos:exactMatch	skos:exactMatch
icd10:N97	Female infertility	mesh:D007247	Infertility, Female	cosine=0.869677		1.0	1.0	semapv:LexicalMatching	semapv:LexicalMatching	skos:exactMatch	skos:exactMatch
icd10:B72	Dracunculiasis	mesh:D004320	Dracunculiasis	cosine=0.869548		1.0	1.0	semapv:LexicalMatching	semapv:LexicalMatching	skos:exactMatch	skos:exactMatch
icd10:Q24.6	Congenital heart block	mesh:C535758	Congenital heart block	cosine=0.869517		1.0	1.0	semapv:LexicalMatching	semapv:LexicalMatching	skos:exactMatch	skos:exactMatch
icd10:C08.1	Sublingual gland	mesh:D013361	Sublingual Gland	cosine=0.868412		1.0	1.0	semapv:LexicalMatching	semapv:LexicalMatching	skos:exactMatch	skos:exactMatch
icd10:O14.2	HELLP syndrome	mesh:D017359	HELLP Syndrome	cosine=0.868104		1.0	1.0	semapv:LexicalMatching	semapv:LexicalMatching	skos:exactMatch	skos:exactMatch
icd10:F20.2	Catatonic schizophrenia	mesh:D012560	Schizophrenia, Catatonic	cosine=0.867722		1.0	1.0	semapv:LexicalMatching	semapv:LexicalMatching	skos:exactMatch	skos:exactMatch
icd10:K58	Irritable bowel syndrome	mesh:D043183	Irritable Bowel Syndrome	cosine=0.867418		1.0	1.0	semapv:LexicalMatching	semapv:LexicalMatching	skos:exactMatch	skos:exactMatch
icd10:Y59.0	Viral vaccines	mesh:D014765	Viral Vaccines	cosine=0.867199		1.0	1.0	semapv:LexicalMatching	semapv:LexicalMatching	skos:exactMatch	skos:exactMatch
icd10:E85	Amyloidosis	mesh:D000686	Amyloidosis	cosine=0.867122		1.0	1.0	semapv:LexicalMatching	semapv:LexicalMatching	skos:exactMatch	skos:exactMatch
icd10:B70.1	Sparganosis	mesh:D013031	Sparganosis	cosine=0.867075		1.0	1.0	semapv:LexicalMatching	semapv:LexicalMatching	skos:exactMatch	skos:exactMatch
icd10:N94.2	Vaginismus	mesh:D052065	Vaginismus	cosine=0.867040		1.0	1.0	semapv:LexicalMatching	semapv:LexicalMatching	skos:exactMatch	skos:exactMatch
icd10:K44	Diaphragmatic hernia	mesh:D006548	Hernia, Diaphragmatic	cosine=0.866923		1.0	1.0	semapv:LexicalMatching	semapv:LexicalMatching	skos:exactMatch	skos:exactMatch
icd10:O30.1	Triplet pregnancy	mesh:D059286	Pregnancy, Triplet	cosine=0.866903		1.0	1.0	semapv:LexicalMatching	semapv:LexicalMatching	skos:exactMatch	skos:exactMatch
icd10:E74.0	Glycogen storage disease	mesh:D006008	Glycogen Storage Disease	cosine=0.866731		1.0	1.0	semapv:LexicalMatching	semapv:LexicalMatching	skos:exactMatch	skos:exactMatch
icd10:A15-A19	Tuberculosis	mesh:D014376	Tuberculosis	cosine=0.866533		1.0	1.0	semapv:LexicalMatching	semapv:LexicalMatching	skos:exactMatch	skos:exactMatch
icd10:A58	Granuloma inguinale	mesh:D006100	Granuloma Inguinale	cosine=0.866148		1.0	1.0	semapv:LexicalMatching	semapv:LexicalMatching	skos:exactMatch	skos:exactMatch
icd10:Q21.2	Atrioventricular septal defect	mesh:C562831	Atrioventricular Septal Defect	cosine=0.865417		1.0	1.0	semapv:LexicalMatching	semapv:LexicalMatching	skos:exactMatch	skos:exactMatch
icd10:M93.2	Osteochondritis dissecans	mesh:D010008	Osteochondritis Dissecans	cosine=0.864734		1.0	1.0	semapv:LexicalMatching	semapv:LexicalMatching	skos:exactMatch	skos:exactMatch
icd10:J36	Peritonsillar abscess	mesh:D000039	Peritonsillar Abscess	cosine=0.864322		1.0	1.0	semapv:LexicalMatching	semapv:LexicalMatching	skos:exactMatch	skos:exactMatch
icd10:N15.0	Balkan nephropathy	mesh:D001449	Balkan Nephropathy	cosine=0.864263		1.0	1.0	semapv:LexicalMatching	semapv:LexicalMatching	skos:exactMatch	skos:exactMatch
icd10:T75.3	Motion sickness	mesh:D009041	Motion Sickness	cosine=0.864078		1.0	1.0	semapv:LexicalMatching	semapv:LexicalMatching	skos:exactMatch	skos:exactMatch
icd10:F42	Obsessive-compulsive disorder	mesh:D009771	Obsessive-Compulsive Disorder	cosine=0.863967		1.0	1.0	semapv:LexicalMatching	semapv:LexicalMatching	skos:exactMatch	skos:exactMatch
icd10:C22.2	Hepatoblastoma	mesh:D018197	Hepatoblastoma	cosine=0.863056		1.0	1.0	semapv:LexicalMatching	semapv:LexicalMatching	skos:exactMatch	skos:exactMatch
icd10:C26.1	Spleen	mesh:D013154	Spleen	cosine=0.862269		1.0	1.0	semapv:LexicalMatching	semapv:LexicalMatching	skos:exactMatch	skos:exactMatch
icd10:Q79.6	Ehlers-Danlos syndrome	mesh:D004535	Ehlers-Danlos Syndrome	cosine=0.862110		1.0	1.0	semapv:LexicalMatching	semapv:LexicalMatching	skos:exactMatch	skos:exactMatch
icd10:A42	Actinomycosis	mesh:D000196	Actinomycosis	cosine=0.861360		1.0	1.0	semapv:LexicalMatching	semapv:LexicalMatching	skos:exactMatch	skos:exactMatch
icd10:B79	Trichuriasis	mesh:D014257	Trichuriasis	cosine=0.860636		1.0	1.0	semapv:LexicalMatching	semapv:LexicalMatching	skos:exactMatch	skos:exactMatch
icd10:Q78.1	Polyostotic fibrous dysplasia	mesh:D005359	Fibrous Dysplasia, Polyostotic	cosine=0.860464		1.0	1.0	semapv:LexicalMatching	semapv:LexicalMatching	skos:exactMatch	skos:exactMatch
icd10:G24.5	Blepharospasm	mesh:D001764	Blepharospasm	cosine=0.860213		1.0	1.0	semapv:LexicalMatching	semapv:LexicalMatching	skos:exactMatch	skos:exactMatch
icd10:K07.6	Temporomandibular joint disorders	mesh:D013705	Temporomandibular Joint Disorders	cosine=0.860171		1.0	1.0	semapv:LexicalMatching	semapv:LexicalMatching	skos:exactMatch	skos:exactMatch
icd10:M79.1	Myalgia	mesh:D063806	Myalgia	cosine=0.860152		1.0	1.0	semapv:LexicalMatching	semapv:LexicalMatching	skos:exactMatch	skos:exactMatch
icd10:B74.3	Loiasis	mesh:D008118	Loiasis	cosine=0.860078		1.0	1.0	semapv:LexicalMatching	semapv:LexicalMatching	skos:exactMatch	skos:exactMatch
icd10:T50.5	Appetite depressants	mesh:D001067	Appetite Depressants	cosine=0.859847		1.0	1.0	semapv:LexicalMatching	semapv:LexicalMatching	skos:exactMatch	skos:exactMatch
icd10:G25.0	Essential tremor	mesh:D020329	Essential Tremor	cosine=0.859829		1.0	1.0	semapv:LexicalMatching	semapv:LexicalMatching	skos:exactMatch	skos:exactMatch
icd10:O30.0	Twin pregnancy	mesh:D059285	Pregnancy, Twin	cosine=0.859463		1.0	1.0	semapv:LexicalMatching	semapv:LexicalMatching	skos:exactMatch	skos:exactMatch
icd10:R48.1	Agnosia	mesh:D000377	Agnosia	cosine=0.859262		1.0	1.0	semapv:LexicalMatching	semapv:LexicalMatching	skos:exactMatch	skos:exactMatch
icd10:E10-E14	Diabetes mellitus	mesh:D003920	Diabetes Mellitus	cosine=0.859095		1.0	1.0	semapv:LexicalMatching	semapv:LexicalMatching	skos:exactMatch	skos:exactMatch
icd10:F91.3	Oppositional defiant disorder	mesh:D000096865	Oppositional Defiant Disorder	cosine=0.858933		1.0	1.0	semapv:LexicalMatching	semapv:LexicalMatching	skos:exactMatch	skos:exactMatch
icd10:C76.2	Abdomen	mesh:D000005	Abdomen	cosine=0.858514		1.0	1.0	semapv:LexicalMatching	semapv:LexicalMatching	skos:exactMatch	skos:exactMatch
icd10:B48.3	Geotrichosis	mesh:D005847	Geotrichosis	cosine=0.857828		1.0	1.0	semapv:LexicalMatching	semapv:LexicalMatching	skos:exactMatch	skos:exactMatch
icd10:C17.2	Ileum	mesh:D007082	Ileum	cosine=0.857668		1.0	1.0	semapv:LexicalMatching	semapv:LexicalMatching	skos:exactMatch	skos:exactMatch
icd10:R19.6	Halitosis	mesh:D006209	Halitosis	cosine=0.857206		1.0	1.0	semapv:LexicalMatching	semapv:LexicalMatching	skos:exactMatch	skos:exactMatch
icd10:B80	Enterobiasis	mesh:D017229	Enterobiasis	cosine=0.856376		1.0	1.0	semapv:LexicalMatching	semapv:LexicalMatching	skos:exactMatch	skos:exactMatch
icd10:E30.0	Delayed puberty	mesh:D011628	Puberty, Delayed	cosine=0.856082		1.0	1.0	semapv:LexicalMatching	semapv:LexicalMatching	skos:exactMatch	skos:exactMatch
icd10:B77	Ascariasis	mesh:D001196	Ascariasis	cosine=0.855437		1.0	1.0	semapv:LexicalMatching	semapv:LexicalMatching	skos:exactMatch	skos:exactMatch
icd10:Q23.4	Hypoplastic left heart syndrome	mesh:D018636	Hypoplastic Left Heart Syndrome	cosine=0.855047		1.0	1.0	semapv:LexicalMatching	semapv:LexicalMatching	skos:exactMatch	skos:exactMatch
icd10:V01-X59	Accidents	mesh:D000059	Accidents	cosine=0.855007		1.0	1.0	semapv:LexicalMatching	semapv:LexicalMatching	skos:exactMatch	skos:exactMatch
icd10:L56.3	Solar urticaria	mesh:D000092130	Urticaria, Solar	cosine=0.854811		1.0	1.0	semapv:LexicalMatching	semapv:LexicalMatching	skos:exactMatch	skos:exactMatch
icd10:L73.1	Pseudofolliculitis barbae	mesh:C563016	pseudofolliculitis barbae	cosine=0.854408		1.0	1.0	semapv:LexicalMatching	semapv:LexicalMatching	skos:exactMatch	skos:exactMatch
icd10:B66.1	Clonorchiasis	mesh:D003003	Clonorchiasis	cosine=0.854378		1.0	1.0	semapv:LexicalMatching	semapv:LexicalMatching	skos:exactMatch	skos:exactMatch
icd10:D36.0	Lymph nodes	mesh:D008198	Lymph Nodes	cosine=0.854129		1.0	1.0	semapv:LexicalMatching	semapv:LexicalMatching	skos:exactMatch	skos:exactMatch
icd10:B55.0	Visceral leishmaniasis	mesh:D007898	Leishmaniasis, Visceral	cosine=0.853493		1.0	1.0	semapv:LexicalMatching	semapv:LexicalMatching	skos:exactMatch	skos:exactMatch
icd10:B71.0	Hymenolepiasis	mesh:D006925	Hymenolepiasis	cosine=0.853018		1.0	1.0	semapv:LexicalMatching	semapv:LexicalMatching	skos:exactMatch	skos:exactMatch
icd10:I70	Atherosclerosis	mesh:D050197	Atherosclerosis	cosine=0.852722		1.0	1.0	semapv:LexicalMatching	semapv:LexicalMatching	skos:exactMatch	skos:exactMatch
icd10:A78	Q fever	mesh:D011778	Q Fever	cosine=0.852560		1.0	1.0	semapv:LexicalMatching	semapv:LexicalMatching	skos:exactMatch	skos:exactMatch
icd10:H20	Iridocyclitis	mesh:D015863	Iridocyclitis	cosine=0.852351		1.0	1.0	semapv:LexicalMatching	semapv:LexicalMatching	skos:exactMatch	skos:exactMatch
icd10:R09.0	Asphyxia	mesh:D001237	Asphyxia	cosine=0.852086		1.0	1.0	semapv:LexicalMatching	semapv:LexicalMatching	skos:exactMatch	skos:exactMatch
icd10:Q21.4	Aortopulmonary septal defect	mesh:D001028	Aortopulmonary Septal Defect	cosine=0.851784		1.0	1.0	semapv:LexicalMatching	semapv:LexicalMatching	skos:exactMatch	skos:exactMatch
icd10:H16.4	Corneal neovascularization	mesh:D016510	Corneal Neovascularization	cosine=0.851042		1.0	1.0	semapv:LexicalMatching	semapv:LexicalMatching	skos:exactMatch	skos:exactMatch
icd10:L60.1	Onycholysis	mesh:D054039	Onycholysis	cosine=0.850884		1.0	1.0	semapv:LexicalMatching	semapv:LexicalMatching	skos:exactMatch	skos:exactMatch
icd10:I42.6	Alcoholic cardiomyopathy	mesh:D002310	Cardiomyopathy, Alcoholic	cosine=0.850796		1.0	1.0	semapv:LexicalMatching	semapv:LexicalMatching	skos:exactMatch	skos:exactMatch
icd10:Q30.0	Choanal atresia	mesh:D002754	Choanal Atresia	cosine=0.850057		1.0	1.0	semapv:LexicalMatching	semapv:LexicalMatching	skos:exactMatch	skos:exactMatch
icd10:O15	Eclampsia	mesh:D004461	Eclampsia	cosine=0.849874		1.0	1.0	semapv:LexicalMatching	semapv:LexicalMatching	skos:exactMatch	skos:exactMatch
icd10:M08	Juvenile arthritis	mesh:D001171	Arthritis, Juvenile	cosine=0.849432		1.0	1.0	semapv:LexicalMatching	semapv:LexicalMatching	skos:exactMatch	skos:exactMatch
icd10:K40-K46	Hernia	mesh:D006547	Hernia	cosine=0.848848		1.0	1.0	semapv:LexicalMatching	semapv:LexicalMatching	skos:exactMatch	skos:exactMatch
icd10:L03	Cellulitis	mesh:D002481	Cellulitis	cosine=0.848560		1.0	1.0	semapv:LexicalMatching	semapv:LexicalMatching	skos:exactMatch	skos:exactMatch
icd10:F48.0	Neurasthenia	mesh:D009440	Neurasthenia	cosine=0.848275		1.0	1.0	semapv:LexicalMatching	semapv:LexicalMatching	skos:exactMatch	skos:exactMatch
icd10:A07.2	Cryptosporidiosis	mesh:D003457	Cryptosporidiosis	cosine=0.848041		1.0	1.0	semapv:LexicalMatching	semapv:LexicalMatching	skos:exactMatch	skos:exactMatch
icd10:L12.0	Bullous pemphigoid	mesh:D010391	Pemphigoid, Bullous	cosine=0.847757		1.0	1.0	semapv:LexicalMatching	semapv:LexicalMatching	skos:exactMatch	skos:exactMatch
icd10:A19	Miliary tuberculosis	mesh:D014391	Tuberculosis, Miliary	cosine=0.847546		1.0	1.0	semapv:LexicalMatching	semapv:LexicalMatching	skos:exactMatch	skos:exactMatch
icd10:E61.2	Magnesium deficiency	mesh:D008275	Magnesium Deficiency	cosine=0.847537		1.0	1.0	semapv:LexicalMatching	semapv:LexicalMatching	skos:exactMatch	skos:exactMatch
icd10:C92.3	Myeloid sarcoma	mesh:D023981	Sarcoma, Myeloid	cosine=0.847481		1.0	1.0	semapv:LexicalMatching	semapv:LexicalMatching	skos:exactMatch	skos:exactMatch
icd10:H44.2	Degenerative myopia	mesh:D047728	Myopia, Degenerative	cosine=0.847470		1.0	1.0	semapv:LexicalMatching	semapv:LexicalMatching	skos:exactMatch	skos:exactMatch
icd10:B37	Candidiasis	mesh:D002177	Candidiasis	cosine=0.847407		1.0	1.0	semapv:LexicalMatching	semapv:LexicalMatching	skos:exactMatch	skos:exactMatch
icd10:T53.3	Tetrachloroethylene	mesh:D013750	Tetrachloroethylene	cosine=0.846645		1.0	1.0	semapv:LexicalMatching	semapv:LexicalMatching	skos:exactMatch	skos:exactMatch
icd10:M76.3	Iliotibial band syndrome	mesh:D058745	Iliotibial Band Syndrome	cosine=0.846594		1.0	1.0	semapv:LexicalMatching	semapv:LexicalMatching	skos:exactMatch	skos:exactMatch
icd10:A32	Listeriosis	mesh:D008088	Listeriosis	cosine=0.846318		1.0	1.0	semapv:LexicalMatching	semapv:LexicalMatching	skos:exactMatch	skos:exactMatch
icd10:M31.7	Microscopic polyangiitis	mesh:D055953	Microscopic Polyangiitis	cosine=0.845608		1.0	1.0	semapv:LexicalMatching	semapv:LexicalMatching	skos:exactMatch	skos:exactMatch
icd10:N48.3	Priapism	mesh:D011317	Priapism	cosine=0.845471		1.0	1.0	semapv:LexicalMatching	semapv:LexicalMatching	skos:exactMatch	skos:exactMatch
icd10:J16.0	Chlamydial pneumonia	mesh:D061387	Chlamydial Pneumonia	cosine=0.845371		1.0	1.0	semapv:LexicalMatching	semapv:LexicalMatching	skos:exactMatch	skos:exactMatch
icd10:B67	Echinococcosis	mesh:D004443	Echinococcosis	cosine=0.845340		1.0	1.0	semapv:LexicalMatching	semapv:LexicalMatching	skos:exactMatch	skos:exactMatch
icd10:Q38.1	Ankyloglossia	mesh:D000072676	Ankyloglossia	cosine=0.844895		1.0	1.0	semapv:LexicalMatching	semapv:LexicalMatching	skos:exactMatch	skos:exactMatch
icd10:K65	Peritonitis	mesh:D010538	Peritonitis	cosine=0.844695		1.0	1.0	semapv:LexicalMatching	semapv:LexicalMatching	skos:exactMatch	skos:exactMatch
icd10:A01.0	Typhoid fever	mesh:D014435	Typhoid Fever	cosine=0.844564		1.0	1.0	semapv:LexicalMatching	semapv:LexicalMatching	skos:exactMatch	skos:exactMatch
icd10:B76.1	Necatoriasis	mesh:D009332	Necatoriasis	cosine=0.844503		1.0	1.0	semapv:LexicalMatching	semapv:LexicalMatching	skos:exactMatch	skos:exactMatch
icd10:F60.1	Schizoid personality disorder	mesh:D012557	Schizoid Personality Disorder	cosine=0.844482		1.0	1.0	semapv:LexicalMatching	semapv:LexicalMatching	skos:exactMatch	skos:exactMatch
icd10:L00	Staphylococcal scalded skin syndrome	mesh:D013206	Staphylococcal Scalded Skin Syndrome	cosine=0.844221		1.0	1.0	semapv:LexicalMatching	semapv:LexicalMatching	skos:exactMatch	skos:exactMatch
icd10:T52.4	Ketones	mesh:D007659	Ketones	cosine=0.844217		1.0	1.0	semapv:LexicalMatching	semapv:LexicalMatching	skos:exactMatch	skos:exactMatch
icd10:C90.0	Multiple myeloma	mesh:D009101	Multiple Myeloma	cosine=0.843292		1.0	1.0	semapv:LexicalMatching	semapv:LexicalMatching	skos:exactMatch	skos:exactMatch
icd10:C83.3	Diffuse large B-cell lymphoma	mesh:D016403	Lymphoma, Large B-Cell, Diffuse	cosine=0.843065		1.0	1.0	semapv:LexicalMatching	semapv:LexicalMatching	skos:exactMatch	skos:exactMatch
icd10:B30	Viral conjunctivitis	mesh:D003236	Conjunctivitis, Viral	cosine=0.842956		1.0	1.0	semapv:LexicalMatching	semapv:LexicalMatching	skos:exactMatch	skos:exactMatch
icd10:B60.0	Babesiosis	mesh:D001404	Babesiosis	cosine=0.842810		1.0	1.0	semapv:LexicalMatching	semapv:LexicalMatching	skos:exactMatch	skos:exactMatch
icd10:L92.0	Granuloma annulare	mesh:D016460	Granuloma Annulare	cosine=0.842701		1.0	1.0	semapv:LexicalMatching	semapv:LexicalMatching	skos:exactMatch	skos:exactMatch
icd10:F60.4	Histrionic personality disorder	mesh:D006677	Histrionic Personality Disorder	cosine=0.842145		1.0	1.0	semapv:LexicalMatching	semapv:LexicalMatching	skos:exactMatch	skos:exactMatch
icd10:Q89.3	Situs inversus	mesh:D012857	Situs Inversus	cosine=0.841970		1.0	1.0	semapv:LexicalMatching	semapv:LexicalMatching	skos:exactMatch	skos:exactMatch
icd10:R23.1	Pallor	mesh:D010167	Pallor	cosine=0.841695		1.0	1.0	semapv:LexicalMatching	semapv:LexicalMatching	skos:exactMatch	skos:exactMatch
icd10:K51	Ulcerative colitis	mesh:D003093	Colitis, Ulcerative	cosine=0.841655		1.0	1.0	semapv:LexicalMatching	semapv:LexicalMatching	skos:exactMatch	skos:exactMatch
icd10:Q20.1	Double outlet right ventricle	mesh:D004310	Double Outlet Right Ventricle	cosine=0.841191		1.0	1.0	semapv:LexicalMatching	semapv:LexicalMatching	skos:exactMatch	skos:exactMatch
icd10:Z51.5	Palliative care	mesh:D010166	Palliative Care	cosine=0.840774		1.0	1.0	semapv:LexicalMatching	semapv:LexicalMatching	skos:exactMatch	skos:exactMatch
icd10:C16.3	Pyloric antrum	mesh:D011706	Pyloric Antrum	cosine=0.840726		1.0	1.0	semapv:LexicalMatching	semapv:LexicalMatching	skos:exactMatch	skos:exactMatch
icd10:Q75.2	Hypertelorism	mesh:D006972	Hypertelorism	cosine=0.840642		1.0	1.0	semapv:LexicalMatching	semapv:LexicalMatching	skos:exactMatch	skos:exactMatch
icd10:K41	Femoral hernia	mesh:D006550	Hernia, Femoral	cosine=0.840560		1.0	1.0	semapv:LexicalMatching	semapv:LexicalMatching	skos:exactMatch	skos:exactMatch
icd10:F01.1	Multi-infarct dementia	mesh:D015161	Dementia, Multi-Infarct	cosine=0.840309		1.0	1.0	semapv:LexicalMatching	semapv:LexicalMatching	skos:exactMatch	skos:exactMatch
icd10:M54.5	Low back pain	mesh:D017116	Low Back Pain	cosine=0.839917		1.0	1.0	semapv:LexicalMatching	semapv:LexicalMatching	skos:exactMatch	skos:exactMatch
icd10:B66.4	Paragonimiasis	mesh:D010237	Paragonimiasis	cosine=0.839857		1.0	1.0	semapv:LexicalMatching	semapv:LexicalMatching	skos:exactMatch	skos:exactMatch
icd10:K90.1	Tropical sprue	mesh:D013182	Sprue, Tropical	cosine=0.839830		1.0	1.0	semapv:LexicalMatching	semapv:LexicalMatching	skos:exactMatch	skos:exactMatch
icd10:B87	Myiasis	mesh:D009198	Myiasis	cosine=0.839430		1.0	1.0	semapv:LexicalMatching	semapv:LexicalMatching	skos:exactMatch	skos:exactMatch
icd10:M79.7	Fibromyalgia	mesh:D005356	Fibromyalgia	cosine=0.839231		1.0	1.0	semapv:LexicalMatching	semapv:LexicalMatching	skos:exactMatch	skos:exactMatch
icd10:R23.2	Flushing	mesh:D005483	Flushing	cosine=0.839073		1.0	1.0	semapv:LexicalMatching	semapv:LexicalMatching	skos:exactMatch	skos:exactMatch
icd10:N13.6	Pyonephrosis	mesh:D053018	Pyonephrosis	cosine=0.838269		1.0	1.0	semapv:LexicalMatching	semapv:LexicalMatching	skos:exactMatch	skos:exactMatch
icd10:L13.0	Dermatitis herpetiformis	mesh:D003874	Dermatitis Herpetiformis	cosine=0.838085		1.0	1.0	semapv:LexicalMatching	semapv:LexicalMatching	skos:exactMatch	skos:exactMatch
icd10:D37.2	Small intestine	mesh:D007421	Intestine, Small	cosine=0.837501		1.0	1.0	semapv:LexicalMatching	semapv:LexicalMatching	skos:exactMatch	skos:exactMatch
icd10:A66	Yaws	mesh:D015001	Yaws	cosine=0.837236		1.0	1.0	semapv:LexicalMatching	semapv:LexicalMatching	skos:exactMatch	skos:exactMatch
icd10:B66.0	Opisthorchiasis	mesh:D009889	Opisthorchiasis	cosine=0.836996		1.0	1.0	semapv:LexicalMatching	semapv:LexicalMatching	skos:exactMatch	skos:exactMatch
icd10:C57.1	Broad ligament	mesh:D001956	Broad Ligament	cosine=0.836836		1.0	1.0	semapv:LexicalMatching	semapv:LexicalMatching	skos:exactMatch	skos:exactMatch
icd10:K00.0	Anodontia	mesh:D000848	Anodontia	cosine=0.836048		1.0	1.0	semapv:LexicalMatching	semapv:LexicalMatching	skos:exactMatch	skos:exactMatch
icd10:C17.1	Jejunum	mesh:D007583	Jejunum	cosine=0.835790		1.0	1.0	semapv:LexicalMatching	semapv:LexicalMatching	skos:exactMatch	skos:exactMatch
icd10:K76.4	Peliosis hepatis	mesh:D010382	Peliosis Hepatis	cosine=0.835702		1.0	1.0	semapv:LexicalMatching	semapv:LexicalMatching	skos:exactMatch	skos:exactMatch
icd10:A81.1	Subacute sclerosing panencephalitis	mesh:D013344	Subacute Sclerosing Panencephalitis	cosine=0.835663		1.0	1.0	semapv:LexicalMatching	semapv:LexicalMatching	skos:exactMatch	skos:exactMatch
icd10:R81	Glycosuria	mesh:D006029	Glycosuria	cosine=0.835151		1.0	1.0	semapv:LexicalMatching	semapv:LexicalMatching	skos:exactMatch	skos:exactMatch
icd10:Q67.3	Plagiocephaly	mesh:D059041	Plagiocephaly	cosine=0.835033		1.0	1.0	semapv:LexicalMatching	semapv:LexicalMatching	skos:exactMatch	skos:exactMatch
icd10:M43.0	Spondylolysis	mesh:D013169	Spondylolysis	cosine=0.834407		1.0	1.0	semapv:LexicalMatching	semapv:LexicalMatching	skos:exactMatch	skos:exactMatch
icd10:H46	Optic neuritis	mesh:D009902	Optic Neuritis	cosine=0.834310		1.0	1.0	semapv:LexicalMatching	semapv:LexicalMatching	skos:exactMatch	skos:exactMatch
icd10:Q31.3	Laryngocele	mesh:D059608	Laryngocele	cosine=0.834247		1.0	1.0	semapv:LexicalMatching	semapv:LexicalMatching	skos:exactMatch	skos:exactMatch
icd10:R49.1	Aphonia	mesh:D001044	Aphonia	cosine=0.834057		1.0	1.0	semapv:LexicalMatching	semapv:LexicalMatching	skos:exactMatch	skos:exactMatch
icd10:B81.0	Anisakiasis	mesh:D017129	Anisakiasis	cosine=0.833960		1.0	1.0	semapv:LexicalMatching	semapv:LexicalMatching	skos:exactMatch	skos:exactMatch
icd10:K43	Ventral hernia	mesh:D006555	Hernia, Ventral	cosine=0.833682		1.0	1.0	semapv:LexicalMatching	semapv:LexicalMatching	skos:exactMatch	skos:exactMatch
icd10:R23.0	Cyanosis	mesh:D003490	Cyanosis	cosine=0.833445		1.0	1.0	semapv:LexicalMatching	semapv:LexicalMatching	skos:exactMatch	skos:exactMatch
icd10:B05	Measles	mesh:D008457	Measles	cosine=0.832794		1.0	1.0	semapv:LexicalMatching	semapv:LexicalMatching	skos:exactMatch	skos:exactMatch
icd10:M72.6	Necrotizing fasciitis	mesh:D019115	Fasciitis, Necrotizing	cosine=0.832678		1.0	1.0	semapv:LexicalMatching	semapv:LexicalMatching	skos:exactMatch	skos:exactMatch
icd10:M41	Scoliosis	mesh:D012600	Scoliosis	cosine=0.832434		1.0	1.0	semapv:LexicalMatching	semapv:LexicalMatching	skos:exactMatch	skos:exactMatch
icd10:A05.1	Botulism	mesh:D001906	Botulism	cosine=0.831621		1.0	1.0	semapv:LexicalMatching	semapv:LexicalMatching	skos:exactMatch	skos:exactMatch
icd10:E24	Cushing syndrome	mesh:D003480	Cushing Syndrome	cosine=0.831383		1.0	1.0	semapv:LexicalMatching	semapv:LexicalMatching	skos:exactMatch	skos:exactMatch
icd10:G57.5	Tarsal tunnel syndrome	mesh:D013641	Tarsal Tunnel Syndrome	cosine=0.831272		1.0	1.0	semapv:LexicalMatching	semapv:LexicalMatching	skos:exactMatch	skos:exactMatch
icd10:M47	Spondylosis	mesh:D055009	Spondylosis	cosine=0.831154		1.0	1.0	semapv:LexicalMatching	semapv:LexicalMatching	skos:exactMatch	skos:exactMatch
icd10:G45.4	Transient global amnesia	mesh:D020236	Amnesia, Transient Global	cosine=0.831055		1.0	1.0	semapv:LexicalMatching	semapv:LexicalMatching	skos:exactMatch	skos:exactMatch
icd10:C54.2	Myometrium	mesh:D009215	Myometrium	cosine=0.830875		1.0	1.0	semapv:LexicalMatching	semapv:LexicalMatching	skos:exactMatch	skos:exactMatch
icd10:L70.1	Acne conglobata	mesh:D000069316	Acne Conglobata	cosine=0.830723		1.0	1.0	semapv:LexicalMatching	semapv:LexicalMatching	skos:exactMatch	skos:exactMatch
icd10:F20.0	Paranoid schizophrenia	mesh:D012563	Schizophrenia, Paranoid	cosine=0.830324		1.0	1.0	semapv:LexicalMatching	semapv:LexicalMatching	skos:exactMatch	skos:exactMatch
icd10:C30.0	Nasal cavity	mesh:D009296	Nasal Cavity	cosine=0.829527		1.0	1.0	semapv:LexicalMatching	semapv:LexicalMatching	skos:exactMatch	skos:exactMatch
icd10:E23.2	Diabetes insipidus	mesh:D003919	Diabetes Insipidus	cosine=0.829519		1.0	1.0	semapv:LexicalMatching	semapv:LexicalMatching	skos:exactMatch	skos:exactMatch
icd10:B48.1	Rhinosporidiosis	mesh:D012227	Rhinosporidiosis	cosine=0.829188		1.0	1.0	semapv:LexicalMatching	semapv:LexicalMatching	skos:exactMatch	skos:exactMatch
icd10:L55	Sunburn	mesh:D013471	Sunburn	cosine=0.828997		1.0	1.0	semapv:LexicalMatching	semapv:LexicalMatching	skos:exactMatch	skos:exactMatch
icd10:B83.0	Visceral larva migrans	mesh:D007816	Larva Migrans, Visceral	cosine=0.828452		1.0	1.0	semapv:LexicalMatching	semapv:LexicalMatching	skos:exactMatch	skos:exactMatch
icd10:B86	Scabies	mesh:D012532	Scabies	cosine=0.827840		1.0	1.0	semapv:LexicalMatching	semapv:LexicalMatching	skos:exactMatch	skos:exactMatch
icd10:K05.3	Chronic periodontitis	mesh:D055113	Chronic Periodontitis	cosine=0.827661		1.0	1.0	semapv:LexicalMatching	semapv:LexicalMatching	skos:exactMatch	skos:exactMatch
icd10:G50.0	Trigeminal neuralgia	mesh:D014277	Trigeminal Neuralgia	cosine=0.827578		1.0	1.0	semapv:LexicalMatching	semapv:LexicalMatching	skos:exactMatch	skos:exactMatch
icd10:A30.1	Tuberculoid leprosy	mesh:D015441	Leprosy, Tuberculoid	cosine=0.827470		1.0	1.0	semapv:LexicalMatching	semapv:LexicalMatching	skos:exactMatch	skos:exactMatch
icd10:A22	Anthrax	mesh:D000881	Anthrax	cosine=0.827208		1.0	1.0	semapv:LexicalMatching	semapv:LexicalMatching	skos:exactMatch	skos:exactMatch
icd10:K26	Duodenal ulcer	mesh:D004381	Duodenal Ulcer	cosine=0.827079		1.0	1.0	semapv:LexicalMatching	semapv:LexicalMatching	skos:exactMatch	skos:exactMatch
icd10:L63	Alopecia areata	mesh:D000506	Alopecia Areata	cosine=0.826996		1.0	1.0	semapv:LexicalMatching	semapv:LexicalMatching	skos:exactMatch	skos:exactMatch
icd10:D11.0	Parotid gland	mesh:D010306	Parotid Gland	cosine=0.826955		1.0	1.0	semapv:LexicalMatching	semapv:LexicalMatching	skos:exactMatch	skos:exactMatch
icd10:F01	Vascular dementia	mesh:D015140	Dementia, Vascular	cosine=0.826299		1.0	1.0	semapv:LexicalMatching	semapv:LexicalMatching	skos:exactMatch	skos:exactMatch
icd10:E06	Thyroiditis	mesh:D013966	Thyroiditis	cosine=0.825427		1.0	1.0	semapv:LexicalMatching	semapv:LexicalMatching	skos:exactMatch	skos:exactMatch
icd10:B69	Cysticercosis	mesh:D003551	Cysticercosis	cosine=0.825310		1.0	1.0	semapv:LexicalMatching	semapv:LexicalMatching	skos:exactMatch	skos:exactMatch
icd10:Z22.7	Latent tuberculosis	mesh:D055985	Latent Tuberculosis	cosine=0.825196		1.0	1.0	semapv:LexicalMatching	semapv:LexicalMatching	skos:exactMatch	skos:exactMatch
icd10:H80	Otosclerosis	mesh:D010040	Otosclerosis	cosine=0.824933		1.0	1.0	semapv:LexicalMatching	semapv:LexicalMatching	skos:exactMatch	skos:exactMatch
icd10:L10	Pemphigus	mesh:D010392	Pemphigus	cosine=0.824689		1.0	1.0	semapv:LexicalMatching	semapv:LexicalMatching	skos:exactMatch	skos:exactMatch
icd10:R35	Polyuria	mesh:D011141	Polyuria	cosine=0.824308		1.0	1.0	semapv:LexicalMatching	semapv:LexicalMatching	skos:exactMatch	skos:exactMatch
icd10:A93.2	Colorado tick fever	mesh:D003121	Colorado Tick Fever	cosine=0.823815		1.0	1.0	semapv:LexicalMatching	semapv:LexicalMatching	skos:exactMatch	skos:exactMatch
icd10:C05.2	Uvula	mesh:D014609	Uvula	cosine=0.823740		1.0	1.0	semapv:LexicalMatching	semapv:LexicalMatching	skos:exactMatch	skos:exactMatch
icd10:B68	Taeniasis	mesh:D013622	Taeniasis	cosine=0.822983		1.0	1.0	semapv:LexicalMatching	semapv:LexicalMatching	skos:exactMatch	skos:exactMatch
icd10:M42	Spinal osteochondrosis	mesh:D055035	Spinal Osteochondrosis	cosine=0.822945		1.0	1.0	semapv:LexicalMatching	semapv:LexicalMatching	skos:exactMatch	skos:exactMatch
icd10:C30.1	Middle ear	mesh:D004432	Ear, Middle	cosine=0.822885		1.0	1.0	semapv:LexicalMatching	semapv:LexicalMatching	skos:exactMatch	skos:exactMatch
icd10:M25.7	Osteophyte	mesh:D054850	Osteophyte	cosine=0.822428		1.0	1.0	semapv:LexicalMatching	semapv:LexicalMatching	skos:exactMatch	skos:exactMatch
icd10:A26	Erysipeloid	mesh:D004887	Erysipeloid	cosine=0.822229		1.0	1.0	semapv:LexicalMatching	semapv:LexicalMatching	skos:exactMatch	skos:exactMatch
icd10:Q43.1	Hirschsprung disease	mesh:D006627	Hirschsprung Disease	cosine=0.821658		1.0	1.0	semapv:LexicalMatching	semapv:LexicalMatching	skos:exactMatch	skos:exactMatch
icd10:Y57.3	Alcohol deterrents	mesh:D000427	Alcohol Deterrents	cosine=0.821592		1.0	1.0	semapv:LexicalMatching	semapv:LexicalMatching	skos:exactMatch	skos:exactMatch
icd10:H16	Keratitis	mesh:D007634	Keratitis	cosine=0.821307		1.0	1.0	semapv:LexicalMatching	semapv:LexicalMatching	skos:exactMatch	skos:exactMatch
icd10:Q24.0	Dextrocardia	mesh:D003914	Dextrocardia	cosine=0.820978		1.0	1.0	semapv:LexicalMatching	semapv:LexicalMatching	skos:exactMatch	skos:exactMatch
icd10:T74.1	Physical abuse	mesh:D000066550	Physical Abuse	cosine=0.819327		1.0	1.0	semapv:LexicalMatching	semapv:LexicalMatching	skos:exactMatch	skos:exactMatch
icd10:M86	Osteomyelitis	mesh:D010019	Osteomyelitis	cosine=0.819246		1.0	1.0	semapv:LexicalMatching	semapv:LexicalMatching	skos:exactMatch	skos:exactMatch
icd10:C96.8	Histiocytic sarcoma	mesh:D054747	Histiocytic Sarcoma	cosine=0.819181		1.0	1.0	semapv:LexicalMatching	semapv:LexicalMatching	skos:exactMatch	skos:exactMatch
icd10:I51.7	Cardiomegaly	mesh:D006332	Cardiomegaly	cosine=0.819141		1.0	1.0	semapv:LexicalMatching	semapv:LexicalMatching	skos:exactMatch	skos:exactMatch
icd10:E70.3	Albinism	mesh:D000417	Albinism	cosine=0.818880		1.0	1.0	semapv:LexicalMatching	semapv:LexicalMatching	skos:exactMatch	skos:exactMatch
icd10:C05.0	Hard palate	mesh:D021362	Palate, Hard	cosine=0.818828		1.0	1.0	semapv:LexicalMatching	semapv:LexicalMatching	skos:exactMatch	skos:exactMatch
icd10:G71.1	Myotonic disorders	mesh:D020967	Myotonic Disorders	cosine=0.818422		1.0	1.0	semapv:LexicalMatching	semapv:LexicalMatching	skos:exactMatch	skos:exactMatch
icd10:Z50.5	Speech therapy	mesh:D013070	Speech Therapy	cosine=0.817800		1.0	1.0	semapv:LexicalMatching	semapv:LexicalMatching	skos:exactMatch	skos:exactMatch
icd10:E55	Vitamin D deficiency	mesh:D014808	Vitamin D Deficiency	cosine=0.817537		1.0	1.0	semapv:LexicalMatching	semapv:LexicalMatching	skos:exactMatch	skos:exactMatch
icd10:E26	Hyperaldosteronism	mesh:D006929	Hyperaldosteronism	cosine=0.817410		1.0	1.0	semapv:LexicalMatching	semapv:LexicalMatching	skos:exactMatch	skos:exactMatch
icd10:G56.0	Carpal tunnel syndrome	mesh:D002349	Carpal Tunnel Syndrome	cosine=0.817277		1.0	1.0	semapv:LexicalMatching	semapv:LexicalMatching	skos:exactMatch	skos:exactMatch
icd10:L29	Pruritus	mesh:D011537	Pruritus	cosine=0.816953		1.0	1.0	semapv:LexicalMatching	semapv:LexicalMatching	skos:exactMatch	skos:exactMatch
icd10:G30	Alzheimer disease	mesh:D000544	Alzheimer Disease	cosine=0.816925		1.0	1.0	semapv:LexicalMatching	semapv:LexicalMatching	skos:exactMatch	skos:exactMatch
icd10:H60	Otitis externa	mesh:D010032	Otitis Externa	cosine=0.816866		1.0	1.0	semapv:LexicalMatching	semapv:LexicalMatching	skos:exactMatch	skos:exactMatch
icd10:Q76.1	Klippel-Feil syndrome	mesh:D007714	Klippel-Feil Syndrome	cosine=0.816280		1.0	1.0	semapv:LexicalMatching	semapv:LexicalMatching	skos:exactMatch	skos:exactMatch
icd10:H81.2	Vestibular neuronitis	mesh:D020338	Vestibular Neuronitis	cosine=0.816087		1.0	1.0	semapv:LexicalMatching	semapv:LexicalMatching	skos:exactMatch	skos:exactMatch
icd10:O41.0	Oligohydramnios	mesh:D016104	Oligohydramnios	cosine=0.815979		1.0	1.0	semapv:LexicalMatching	semapv:LexicalMatching	skos:exactMatch	skos:exactMatch
icd10:Q21.3	Tetralogy of Fallot	mesh:D013771	Tetralogy of Fallot	cosine=0.815544		1.0	1.0	semapv:LexicalMatching	semapv:LexicalMatching	skos:exactMatch	skos:exactMatch
icd10:Q80.2	Lamellar ichthyosis	mesh:D017490	Ichthyosis, Lamellar	cosine=0.815499		1.0	1.0	semapv:LexicalMatching	semapv:LexicalMatching	skos:exactMatch	skos:exactMatch
icd10:M05.2	Rheumatoid vasculitis	mesh:D056653	Rheumatoid Vasculitis	cosine=0.815417		1.0	1.0	semapv:LexicalMatching	semapv:LexicalMatching	skos:exactMatch	skos:exactMatch
icd10:O90.5	Postpartum thyroiditis	mesh:D050032	Postpartum Thyroiditis	cosine=0.815301		1.0	1.0	semapv:LexicalMatching	semapv:LexicalMatching	skos:exactMatch	skos:exactMatch
icd10:Q61.2	Polycystic kidney, autosomal dominant	mesh:D016891	Polycystic Kidney, Autosomal Dominant	cosine=0.815294		1.0	1.0	semapv:LexicalMatching	semapv:LexicalMatching	skos:exactMatch	skos:exactMatch
icd10:T51.1	Methanol	mesh:D000432	Methanol	cosine=0.814669		1.0	1.0	semapv:LexicalMatching	semapv:LexicalMatching	skos:exactMatch	skos:exactMatch
icd10:K76.5	Hepatic veno-occlusive disease	mesh:D006504	Hepatic Veno-Occlusive Disease	cosine=0.814359		1.0	1.0	semapv:LexicalMatching	semapv:LexicalMatching	skos:exactMatch	skos:exactMatch
icd10:M43.1	Spondylolisthesis	mesh:D013168	Spondylolisthesis	cosine=0.814334		1.0	1.0	semapv:LexicalMatching	semapv:LexicalMatching	skos:exactMatch	skos:exactMatch
icd10:Q01	Encephalocele	mesh:D004677	Encephalocele	cosine=0.813843		1.0	1.0	semapv:LexicalMatching	semapv:LexicalMatching	skos:exactMatch	skos:exactMatch
icd10:K13.5	Oral submucous fibrosis	mesh:D009914	Oral Submucous Fibrosis	cosine=0.813801		1.0	1.0	semapv:LexicalMatching	semapv:LexicalMatching	skos:exactMatch	skos:exactMatch
icd10:Q78.2	Osteopetrosis	mesh:D010022	Osteopetrosis	cosine=0.813648		1.0	1.0	semapv:LexicalMatching	semapv:LexicalMatching	skos:exactMatch	skos:exactMatch
icd10:K03.4	Hypercementosis	mesh:D006936	Hypercementosis	cosine=0.813185		1.0	1.0	semapv:LexicalMatching	semapv:LexicalMatching	skos:exactMatch	skos:exactMatch
icd10:L63.1	Alopecia universalis	mesh:C537055	Alopecia universalis	cosine=0.813060		1.0	1.0	semapv:LexicalMatching	semapv:LexicalMatching	skos:exactMatch	skos:exactMatch
icd10:K76.7	Hepatorenal syndrome	mesh:D006530	Hepatorenal Syndrome	cosine=0.812971		1.0	1.0	semapv:LexicalMatching	semapv:LexicalMatching	skos:exactMatch	skos:exactMatch
icd10:C16.0	Cardia	mesh:D002299	Cardia	cosine=0.812959		1.0	1.0	semapv:LexicalMatching	semapv:LexicalMatching	skos:exactMatch	skos:exactMatch
icd10:H15.0	Scleritis	mesh:D015423	Scleritis	cosine=0.812738		1.0	1.0	semapv:LexicalMatching	semapv:LexicalMatching	skos:exactMatch	skos:exactMatch
icd10:H36.0	Diabetic retinopathy	mesh:D003930	Diabetic Retinopathy	cosine=0.812606		1.0	1.0	semapv:LexicalMatching	semapv:LexicalMatching	skos:exactMatch	skos:exactMatch
icd10:B55.1	Cutaneous leishmaniasis	mesh:D016773	Leishmaniasis, Cutaneous	cosine=0.812472		1.0	1.0	semapv:LexicalMatching	semapv:LexicalMatching	skos:exactMatch	skos:exactMatch
icd10:Y58	Bacterial vaccines	mesh:D001428	Bacterial Vaccines	cosine=0.812329		1.0	1.0	semapv:LexicalMatching	semapv:LexicalMatching	skos:exactMatch	skos:exactMatch
icd10:A83.5	California encephalitis	mesh:D004670	Encephalitis, California	cosine=0.812117		1.0	1.0	semapv:LexicalMatching	semapv:LexicalMatching	skos:exactMatch	skos:exactMatch
icd10:A98.3	Marburg virus disease	mesh:D008379	Marburg Virus Disease	cosine=0.811775		1.0	1.0	semapv:LexicalMatching	semapv:LexicalMatching	skos:exactMatch	skos:exactMatch
icd10:F84.5	Asperger syndrome	mesh:D020817	Asperger Syndrome	cosine=0.811377		1.0	1.0	semapv:LexicalMatching	semapv:LexicalMatching	skos:exactMatch	skos:exactMatch
icd10:I20	Angina pectoris	mesh:D000787	Angina Pectoris	cosine=0.811053		1.0	1.0	semapv:LexicalMatching	semapv:LexicalMatching	skos:exactMatch	skos:exactMatch
icd10:E21.0	Primary hyperparathyroidism	mesh:D049950	Hyperparathyroidism, Primary	cosine=0.810597		1.0	1.0	semapv:LexicalMatching	semapv:LexicalMatching	skos:exactMatch	skos:exactMatch
icd10:C51.2	Clitoris	mesh:D002987	Clitoris	cosine=0.810286		1.0	1.0	semapv:LexicalMatching	semapv:LexicalMatching	skos:exactMatch	skos:exactMatch
icd10:B41	Paracoccidioidomycosis	mesh:D010229	Paracoccidioidomycosis	cosine=0.809888		1.0	1.0	semapv:LexicalMatching	semapv:LexicalMatching	skos:exactMatch	skos:exactMatch
icd10:Q38.2	Macroglossia	mesh:D008260	Macroglossia	cosine=0.809725		1.0	1.0	semapv:LexicalMatching	semapv:LexicalMatching	skos:exactMatch	skos:exactMatch
icd10:I26	Pulmonary embolism	mesh:D011655	Pulmonary Embolism	cosine=0.809357		1.0	1.0	semapv:LexicalMatching	semapv:LexicalMatching	skos:exactMatch	skos:exactMatch
icd10:H18.5	Hereditary corneal dystrophies	mesh:D003317	Corneal Dystrophies, Hereditary	cosine=0.809237		1.0	1.0	semapv:LexicalMatching	semapv:LexicalMatching	skos:exactMatch	skos:exactMatch
icd10:A71	Trachoma	mesh:D014141	Trachoma	cosine=0.809041		1.0	1.0	semapv:LexicalMatching	semapv:LexicalMatching	skos:exactMatch	skos:exactMatch
icd10:M32	Systemic lupus erythematosus	mesh:D008180	Lupus Erythematosus, Systemic	cosine=0.808619		1.0	1.0	semapv:LexicalMatching	semapv:LexicalMatching	skos:exactMatch	skos:exactMatch
icd10:B48.0	Lobomycosis	mesh:D060368	Lobomycosis	cosine=0.808581		1.0	1.0	semapv:LexicalMatching	semapv:LexicalMatching	skos:exactMatch	skos:exactMatch
icd10:L57.0	Actinic keratosis	mesh:D055623	Keratosis, Actinic	cosine=0.808346		1.0	1.0	semapv:LexicalMatching	semapv:LexicalMatching	skos:exactMatch	skos:exactMatch
icd10:I67.5	Moyamoya disease	mesh:D009072	Moyamoya Disease	cosine=0.808292		1.0	1.0	semapv:LexicalMatching	semapv:LexicalMatching	skos:exactMatch	skos:exactMatch
icd10:A83.0	Japanese encephalitis	mesh:D004672	Encephalitis, Japanese	cosine=0.808275		1.0	1.0	semapv:LexicalMatching	semapv:LexicalMatching	skos:exactMatch	skos:exactMatch
icd10:O00.0	Abdominal pregnancy	mesh:D011269	Pregnancy, Abdominal	cosine=0.807869		1.0	1.0	semapv:LexicalMatching	semapv:LexicalMatching	skos:exactMatch	skos:exactMatch
icd10:B75	Trichinellosis	mesh:D014235	Trichinellosis	cosine=0.807824		1.0	1.0	semapv:LexicalMatching	semapv:LexicalMatching	skos:exactMatch	skos:exactMatch
icd10:Y46.0	Succinimides	mesh:D013388	Succinimides	cosine=0.807442		1.0	1.0	semapv:LexicalMatching	semapv:LexicalMatching	skos:exactMatch	skos:exactMatch
icd10:Y58.0	BCG vaccine	mesh:D001500	BCG Vaccine	cosine=0.807399		1.0	1.0	semapv:LexicalMatching	semapv:LexicalMatching	skos:exactMatch	skos:exactMatch
icd10:Q78.0	Osteogenesis imperfecta	mesh:D010013	Osteogenesis Imperfecta	cosine=0.807379		1.0	1.0	semapv:LexicalMatching	semapv:LexicalMatching	skos:exactMatch	skos:exactMatch
icd10:K91.5	Postcholecystectomy syndrome	mesh:D017562	Postcholecystectomy Syndrome	cosine=0.806982		1.0	1.0	semapv:LexicalMatching	semapv:LexicalMatching	skos:exactMatch	skos:exactMatch
icd10:Q36	Cleft lip	mesh:D002971	Cleft Lip	cosine=0.806963		1.0	1.0	semapv:LexicalMatching	semapv:LexicalMatching	skos:exactMatch	skos:exactMatch
icd10:B35-B49	Mycoses	mesh:D009181	Mycoses	cosine=0.806718		1.0	1.0	semapv:LexicalMatching	semapv:LexicalMatching	skos:exactMatch	skos:exactMatch
icd10:E23.0	Hypopituitarism	mesh:D007018	Hypopituitarism	cosine=0.805874		1.0	1.0	semapv:LexicalMatching	semapv:LexicalMatching	skos:exactMatch	skos:exactMatch
icd10:Q79.3	Gastroschisis	mesh:D020139	Gastroschisis	cosine=0.805753		1.0	1.0	semapv:LexicalMatching	semapv:LexicalMatching	skos:exactMatch	skos:exactMatch
icd10:L93.0	Discoid lupus erythematosus	mesh:D008179	Lupus Erythematosus, Discoid	cosine=0.805292		1.0	1.0	semapv:LexicalMatching	semapv:LexicalMatching	skos:exactMatch	skos:exactMatch
icd10:B57	Chagas disease	mesh:D014355	Chagas Disease	cosine=0.805256		1.0	1.0	semapv:LexicalMatching	semapv:LexicalMatching	skos:exactMatch	skos:exactMatch
icd10:Z50.0	Cardiac rehabilitation	mesh:D000072038	Cardiac Rehabilitation	cosine=0.804424		1.0	1.0	semapv:LexicalMatching	semapv:LexicalMatching	skos:exactMatch	skos:exactMatch
icd10:G24	Dystonia	mesh:D004421	Dystonia	cosine=0.804292		1.0	1.0	semapv:LexicalMatching	semapv:LexicalMatching	skos:exactMatch	skos:exactMatch
icd10:O01	Hydatidiform mole	mesh:D006828	Hydatidiform Mole	cosine=0.804071		1.0	1.0	semapv:LexicalMatching	semapv:LexicalMatching	skos:exactMatch	skos:exactMatch
icd10:A28.1	Cat-scratch disease	mesh:D002372	Cat-Scratch Disease	cosine=0.803986		1.0	1.0	semapv:LexicalMatching	semapv:LexicalMatching	skos:exactMatch	skos:exactMatch
icd10:F60.0	Paranoid personality disorder	mesh:D010260	Paranoid Personality Disorder	cosine=0.803972		1.0	1.0	semapv:LexicalMatching	semapv:LexicalMatching	skos:exactMatch	skos:exactMatch
icd10:A24.0	Glanders	mesh:D005896	Glanders	cosine=0.803946		1.0	1.0	semapv:LexicalMatching	semapv:LexicalMatching	skos:exactMatch	skos:exactMatch
icd10:E51	Thiamine deficiency	mesh:D013832	Thiamine Deficiency	cosine=0.803790		1.0	1.0	semapv:LexicalMatching	semapv:LexicalMatching	skos:exactMatch	skos:exactMatch
icd10:A30.5	Lepromatous leprosy	mesh:D015440	Leprosy, Lepromatous	cosine=0.803681		1.0	1.0	semapv:LexicalMatching	semapv:LexicalMatching	skos:exactMatch	skos:exactMatch
icd10:C16.4	Pylorus	mesh:D011708	Pylorus	cosine=0.803646		1.0	1.0	semapv:LexicalMatching	semapv:LexicalMatching	skos:exactMatch	skos:exactMatch
icd10:Q54	Hypospadias	mesh:D007021	Hypospadias	cosine=0.803376		1.0	1.0	semapv:LexicalMatching	semapv:LexicalMatching	skos:exactMatch	skos:exactMatch
icd10:C72.1	Cauda equina	mesh:D002420	Cauda Equina	cosine=0.803321		1.0	1.0	semapv:LexicalMatching	semapv:LexicalMatching	skos:exactMatch	skos:exactMatch
icd10:R09.1	Pleurisy	mesh:D010998	Pleurisy	cosine=0.802866		1.0	1.0	semapv:LexicalMatching	semapv:LexicalMatching	skos:exactMatch	skos:exactMatch
icd10:L68	Hypertrichosis	mesh:D006983	Hypertrichosis	cosine=0.802517		1.0	1.0	semapv:LexicalMatching	semapv:LexicalMatching	skos:exactMatch	skos:exactMatch
icd10:M10	Gout	mesh:D006073	Gout	cosine=0.801847		1.0	1.0	semapv:LexicalMatching	semapv:LexicalMatching	skos:exactMatch	skos:exactMatch
icd10:T59.7	Carbon dioxide	mesh:D002245	Carbon Dioxide	cosine=0.801160		1.0	1.0	semapv:LexicalMatching	semapv:LexicalMatching	skos:exactMatch	skos:exactMatch
icd10:B66.3	Fascioliasis	mesh:D005211	Fascioliasis	cosine=0.801130		1.0	1.0	semapv:LexicalMatching	semapv:LexicalMatching	skos:exactMatch	skos:exactMatch
icd10:F64.0	Transsexualism	mesh:D014189	Transsexualism	cosine=0.800992		1.0	1.0	semapv:LexicalMatching	semapv:LexicalMatching	skos:exactMatch	skos:exactMatch
icd10:K70.1	Alcoholic hepatitis	mesh:D006519	Hepatitis, Alcoholic	cosine=0.800939		1.0	1.0	semapv:LexicalMatching	semapv:LexicalMatching	skos:exactMatch	skos:exactMatch
icd10:K81	Cholecystitis	mesh:D002764	Cholecystitis	cosine=0.800846		1.0	1.0	semapv:LexicalMatching	semapv:LexicalMatching	skos:exactMatch	skos:exactMatch
icd10:O00.1	Tubal pregnancy	mesh:D011274	Pregnancy, Tubal	cosine=0.800653		1.0	1.0	semapv:LexicalMatching	semapv:LexicalMatching	skos:exactMatch	skos:exactMatch
icd10:A69.2	Lyme disease	mesh:D008193	Lyme Disease	cosine=0.800613		1.0	1.0	semapv:LexicalMatching	semapv:LexicalMatching	skos:exactMatch	skos:exactMatch
icd10:B45	Cryptococcosis	mesh:D003453	Cryptococcosis	cosine=0.800507		1.0	1.0	semapv:LexicalMatching	semapv:LexicalMatching	skos:exactMatch	skos:exactMatch
icd10:F65.2	Exhibitionism	mesh:D005084	Exhibitionism	cosine=0.800466		1.0	1.0	semapv:LexicalMatching	semapv:LexicalMatching	skos:exactMatch	skos:exactMatch
icd10:N64.4	Mastodynia	mesh:D059373	Mastodynia	cosine=0.800426		1.0	1.0	semapv:LexicalMatching	semapv:LexicalMatching	skos:exactMatch	skos:exactMatch
icd10:O20.0	Threatened abortion	mesh:D000033	Abortion, Threatened	cosine=0.800177		1.0	1.0	semapv:LexicalMatching	semapv:LexicalMatching	skos:exactMatch	skos:exactMatch
icd10:Q61.1	Polycystic kidney, autosomal recessive	mesh:D017044	Polycystic Kidney, Autosomal Recessive	cosine=0.800087		1.0	1.0	semapv:LexicalMatching	semapv:LexicalMatching	skos:exactMatch	skos:exactMatch
icd10:J30.0	Vasomotor rhinitis	mesh:D012223	Rhinitis, Vasomotor	cosine=0.799420		1.0	1.0	semapv:LexicalMatching	semapv:LexicalMatching	skos:exactMatch	skos:exactMatch
icd10:Y84.0	Cardiac catheterization	mesh:D006328	Cardiac Catheterization	cosine=0.799025		1.0	1.0	semapv:LexicalMatching	semapv:LexicalMatching	skos:exactMatch	skos:exactMatch
icd10:II	Neoplasms	mesh:D009369	Neoplasms	cosine=0.798539		1.0	1.0	semapv:LexicalMatching	semapv:LexicalMatching	skos:exactMatch	skos:exactMatch
icd10:T59.1	Sulfur dioxide	mesh:D013458	Sulfur Dioxide	cosine=0.798518		1.0	1.0	semapv:LexicalMatching	semapv:LexicalMatching	skos:exactMatch	skos:exactMatch
icd10:Q02	Microcephaly	mesh:D008831	Microcephaly	cosine=0.798414		1.0	1.0	semapv:LexicalMatching	semapv:LexicalMatching	skos:exactMatch	skos:exactMatch
icd10:P35.0	Congenital rubella syndrome	mesh:D012410	Rubella Syndrome, Congenital	cosine=0.798394		1.0	1.0	semapv:LexicalMatching	semapv:LexicalMatching	skos:exactMatch	skos:exactMatch
icd10:G40	Epilepsy	mesh:D004827	Epilepsy	cosine=0.798195		1.0	1.0	semapv:LexicalMatching	semapv:LexicalMatching	skos:exactMatch	skos:exactMatch
icd10:L23	Allergic contact dermatitis	mesh:D017449	Dermatitis, Allergic Contact	cosine=0.798019		1.0	1.0	semapv:LexicalMatching	semapv:LexicalMatching	skos:exactMatch	skos:exactMatch
icd10:I42.4	Endocardial fibroelastosis	mesh:D004695	Endocardial Fibroelastosis	cosine=0.797103		1.0	1.0	semapv:LexicalMatching	semapv:LexicalMatching	skos:exactMatch	skos:exactMatch
icd10:N82.0	Vesicovaginal fistula	mesh:D014719	Vesicovaginal Fistula	cosine=0.796308		1.0	1.0	semapv:LexicalMatching	semapv:LexicalMatching	skos:exactMatch	skos:exactMatch
icd10:T51.0	Ethanol	mesh:D000431	Ethanol	cosine=0.796202		1.0	1.0	semapv:LexicalMatching	semapv:LexicalMatching	skos:exactMatch	skos:exactMatch
icd10:T53.5	Chlorofluorocarbons	mesh:D017402	Chlorofluorocarbons	cosine=0.796153		1.0	1.0	semapv:LexicalMatching	semapv:LexicalMatching	skos:exactMatch	skos:exactMatch
icd10:M94.1	Relapsing polychondritis	mesh:D011081	Polychondritis, Relapsing	cosine=0.795857		1.0	1.0	semapv:LexicalMatching	semapv:LexicalMatching	skos:exactMatch	skos:exactMatch
icd10:J46	Status asthmaticus	mesh:D013224	Status Asthmaticus	cosine=0.795829		1.0	1.0	semapv:LexicalMatching	semapv:LexicalMatching	skos:exactMatch	skos:exactMatch
icd10:J63.2	Berylliosis	mesh:D001607	Berylliosis	cosine=0.794936		1.0	1.0	semapv:LexicalMatching	semapv:LexicalMatching	skos:exactMatch	skos:exactMatch
icd10:D39.1	Ovary	mesh:D010053	Ovary	cosine=0.794548		1.0	1.0	semapv:LexicalMatching	semapv:LexicalMatching	skos:exactMatch	skos:exactMatch
icd10:G60.0	Hereditary motor and sensory neuropathy	mesh:D015417	Hereditary Sensory and Motor Neuropathy	cosine=0.793719		1.0	1.0	semapv:LexicalMatching	semapv:LexicalMatching	skos:exactMatch	skos:exactMatch
icd10:G00.0	Haemophilus meningitis	mesh:D008583	Meningitis, Haemophilus	cosine=0.793543		1.0	1.0	semapv:LexicalMatching	semapv:LexicalMatching	skos:exactMatch	skos:exactMatch
icd10:J66.0	Byssinosis	mesh:D002095	Byssinosis	cosine=0.793399		1.0	1.0	semapv:LexicalMatching	semapv:LexicalMatching	skos:exactMatch	skos:exactMatch
icd10:D70	Agranulocytosis	mesh:D000380	Agranulocytosis	cosine=0.792776		1.0	1.0	semapv:LexicalMatching	semapv:LexicalMatching	skos:exactMatch	skos:exactMatch
icd10:Q70	Syndactyly	mesh:D013576	Syndactyly	cosine=0.792338		1.0	1.0	semapv:LexicalMatching	semapv:LexicalMatching	skos:exactMatch	skos:exactMatch
icd10:Q04.4	Septo-optic dysplasia	mesh:D025962	Septo-Optic Dysplasia	cosine=0.791717		1.0	1.0	semapv:LexicalMatching	semapv:LexicalMatching	skos:exactMatch	skos:exactMatch
icd10:I49.5	Sick sinus syndrome	mesh:D012804	Sick Sinus Syndrome	cosine=0.791299		1.0	1.0	semapv:LexicalMatching	semapv:LexicalMatching	skos:exactMatch	skos:exactMatch
icd10:I95	Hypotension	mesh:D007022	Hypotension	cosine=0.791151		1.0	1.0	semapv:LexicalMatching	semapv:LexicalMatching	skos:exactMatch	skos:exactMatch
icd10:D83	Common variable immunodeficiency	mesh:D017074	Common Variable Immunodeficiency	cosine=0.791095		1.0	1.0	semapv:LexicalMatching	semapv:LexicalMatching	skos:exactMatch	skos:exactMatch
icd10:H47.2	Optic atrophy	mesh:D009896	Optic Atrophy	cosine=0.790835		1.0	1.0	semapv:LexicalMatching	semapv:LexicalMatching	skos:exactMatch	skos:exactMatch
icd10:M30.0	Polyarteritis nodosa	mesh:D010488	Polyarteritis Nodosa	cosine=0.790764		1.0	1.0	semapv:LexicalMatching	semapv:LexicalMatching	skos:exactMatch	skos:exactMatch
icd10:L52	Erythema nodosum	mesh:D004893	Erythema Nodosum	cosine=0.790704		1.0	1.0	semapv:LexicalMatching	semapv:LexicalMatching	skos:exactMatch	skos:exactMatch
icd10:F45	Somatoform disorders	mesh:D013001	Somatoform Disorders	cosine=0.790694		1.0	1.0	semapv:LexicalMatching	semapv:LexicalMatching	skos:exactMatch	skos:exactMatch
icd10:B27	Infectious mononucleosis	mesh:D007244	Infectious Mononucleosis	cosine=0.790681		1.0	1.0	semapv:LexicalMatching	semapv:LexicalMatching	skos:exactMatch	skos:exactMatch
icd10:H11.0	Pterygium	mesh:D011625	Pterygium	cosine=0.790421		1.0	1.0	semapv:LexicalMatching	semapv:LexicalMatching	skos:exactMatch	skos:exactMatch
icd10:H53.2	Diplopia	mesh:D004172	Diplopia	cosine=0.790072		1.0	1.0	semapv:LexicalMatching	semapv:LexicalMatching	skos:exactMatch	skos:exactMatch
icd10:E87.2	Acidosis	mesh:D000138	Acidosis	cosine=0.789964		1.0	1.0	semapv:LexicalMatching	semapv:LexicalMatching	skos:exactMatch	skos:exactMatch
icd10:C72.3	Optic nerve	mesh:D009900	Optic Nerve	cosine=0.789931		1.0	1.0	semapv:LexicalMatching	semapv:LexicalMatching	skos:exactMatch	skos:exactMatch
icd10:F63.3	Trichotillomania	mesh:D014256	Trichotillomania	cosine=0.789901		1.0	1.0	semapv:LexicalMatching	semapv:LexicalMatching	skos:exactMatch	skos:exactMatch
icd10:D72.1	Eosinophilia	mesh:D004802	Eosinophilia	cosine=0.789668		1.0	1.0	semapv:LexicalMatching	semapv:LexicalMatching	skos:exactMatch	skos:exactMatch
icd10:B78	Strongyloidiasis	mesh:D013322	Strongyloidiasis	cosine=0.789255		1.0	1.0	semapv:LexicalMatching	semapv:LexicalMatching	skos:exactMatch	skos:exactMatch
icd10:G20	Parkinson disease	mesh:D010300	Parkinson Disease	cosine=0.788874		1.0	1.0	semapv:LexicalMatching	semapv:LexicalMatching	skos:exactMatch	skos:exactMatch
icd10:E40	Kwashiorkor	mesh:D007732	Kwashiorkor	cosine=0.788861		1.0	1.0	semapv:LexicalMatching	semapv:LexicalMatching	skos:exactMatch	skos:exactMatch
icd10:B42	Sporotrichosis	mesh:D013174	Sporotrichosis	cosine=0.788229		1.0	1.0	semapv:LexicalMatching	semapv:LexicalMatching	skos:exactMatch	skos:exactMatch
icd10:N25.1	Nephrogenic diabetes insipidus	mesh:D018500	Diabetes Insipidus, Nephrogenic	cosine=0.788081		1.0	1.0	semapv:LexicalMatching	semapv:LexicalMatching	skos:exactMatch	skos:exactMatch
icd10:N04	Nephrotic syndrome	mesh:D009404	Nephrotic Syndrome	cosine=0.788007		1.0	1.0	semapv:LexicalMatching	semapv:LexicalMatching	skos:exactMatch	skos:exactMatch
icd10:M35.3	Polymyalgia rheumatica	mesh:D011111	Polymyalgia Rheumatica	cosine=0.787925		1.0	1.0	semapv:LexicalMatching	semapv:LexicalMatching	skos:exactMatch	skos:exactMatch
icd10:R25.3	Fasciculation	mesh:D005207	Fasciculation	cosine=0.787669		1.0	1.0	semapv:LexicalMatching	semapv:LexicalMatching	skos:exactMatch	skos:exactMatch
icd10:L01	Impetigo	mesh:D007169	Impetigo	cosine=0.787648		1.0	1.0	semapv:LexicalMatching	semapv:LexicalMatching	skos:exactMatch	skos:exactMatch
icd10:J93	Pneumothorax	mesh:D011030	Pneumothorax	cosine=0.787466		1.0	1.0	semapv:LexicalMatching	semapv:LexicalMatching	skos:exactMatch	skos:exactMatch
icd10:C32.0	Glottis	mesh:D005931	Glottis	cosine=0.787353		1.0	1.0	semapv:LexicalMatching	semapv:LexicalMatching	skos:exactMatch	skos:exactMatch
icd10:C72.2	Olfactory nerve	mesh:D009832	Olfactory Nerve	cosine=0.786492		1.0	1.0	semapv:LexicalMatching	semapv:LexicalMatching	skos:exactMatch	skos:exactMatch
icd10:P37.1	Congenital toxoplasmosis	mesh:D014125	Toxoplasmosis, Congenital	cosine=0.786321		1.0	1.0	semapv:LexicalMatching	semapv:LexicalMatching	skos:exactMatch	skos:exactMatch
icd10:T59.2	Formaldehyde	mesh:D005557	Formaldehyde	cosine=0.786103		1.0	1.0	semapv:LexicalMatching	semapv:LexicalMatching	skos:exactMatch	skos:exactMatch
icd10:A81.2	Progressive multifocal leukoencephalopathy	mesh:D007968	Leukoencephalopathy, Progressive Multifocal	cosine=0.785391		1.0	1.0	semapv:LexicalMatching	semapv:LexicalMatching	skos:exactMatch	skos:exactMatch
icd10:R06.4	Hyperventilation	mesh:D006985	Hyperventilation	cosine=0.785188		1.0	1.0	semapv:LexicalMatching	semapv:LexicalMatching	skos:exactMatch	skos:exactMatch
icd10:T40.1	Heroin	mesh:D003932	Heroin	cosine=0.784859		1.0	1.0	semapv:LexicalMatching	semapv:LexicalMatching	skos:exactMatch	skos:exactMatch
icd10:A97.2	Severe Dengue	mesh:D019595	Severe Dengue	cosine=0.783819		1.0	1.0	semapv:LexicalMatching	semapv:LexicalMatching	skos:exactMatch	skos:exactMatch
icd10:B55	Leishmaniasis	mesh:D007896	Leishmaniasis	cosine=0.783273		1.0	1.0	semapv:LexicalMatching	semapv:LexicalMatching	skos:exactMatch	skos:exactMatch
icd10:H70.2	Petrositis	mesh:D059270	Petrositis	cosine=0.783016		1.0	1.0	semapv:LexicalMatching	semapv:LexicalMatching	skos:exactMatch	skos:exactMatch
icd10:Y46.5	Valproic acid	mesh:D014635	Valproic Acid	cosine=0.782992		1.0	1.0	semapv:LexicalMatching	semapv:LexicalMatching	skos:exactMatch	skos:exactMatch
icd10:C84.0	Mycosis fungoides	mesh:D009182	Mycosis Fungoides	cosine=0.782397		1.0	1.0	semapv:LexicalMatching	semapv:LexicalMatching	skos:exactMatch	skos:exactMatch
icd10:E53.0	Riboflavin deficiency	mesh:D012257	Riboflavin Deficiency	cosine=0.782391		1.0	1.0	semapv:LexicalMatching	semapv:LexicalMatching	skos:exactMatch	skos:exactMatch
icd10:F40.0	Agoraphobia	mesh:D000379	Agoraphobia	cosine=0.781810		1.0	1.0	semapv:LexicalMatching	semapv:LexicalMatching	skos:exactMatch	skos:exactMatch
icd10:Q87.4	Marfan syndrome	mesh:D008382	Marfan Syndrome	cosine=0.781340		1.0	1.0	semapv:LexicalMatching	semapv:LexicalMatching	skos:exactMatch	skos:exactMatch
icd10:L73.2	Hidradenitis suppurativa	mesh:D017497	Hidradenitis Suppurativa	cosine=0.781338		1.0	1.0	semapv:LexicalMatching	semapv:LexicalMatching	skos:exactMatch	skos:exactMatch
icd10:C63.1	Spermatic cord	mesh:D013085	Spermatic Cord	cosine=0.781139		1.0	1.0	semapv:LexicalMatching	semapv:LexicalMatching	skos:exactMatch	skos:exactMatch
icd10:C31.0	Maxillary sinus	mesh:D008443	Maxillary Sinus	cosine=0.781099		1.0	1.0	semapv:LexicalMatching	semapv:LexicalMatching	skos:exactMatch	skos:exactMatch
icd10:O14	Pre-eclampsia	mesh:D011225	Pre-Eclampsia	cosine=0.781010		1.0	1.0	semapv:LexicalMatching	semapv:LexicalMatching	skos:exactMatch	skos:exactMatch
icd10:A98.2	Kyasanur Forest disease	mesh:D007733	Kyasanur Forest Disease	cosine=0.780350		1.0	1.0	semapv:LexicalMatching	semapv:LexicalMatching	skos:exactMatch	skos:exactMatch
icd10:K40	Inguinal hernia	mesh:D006552	Hernia, Inguinal	cosine=0.780187		1.0	1.0	semapv:LexicalMatching	semapv:LexicalMatching	skos:exactMatch	skos:exactMatch
icd10:T53.0	Carbon tetrachloride	mesh:D002251	Carbon Tetrachloride	cosine=0.779170		1.0	1.0	semapv:LexicalMatching	semapv:LexicalMatching	skos:exactMatch	skos:exactMatch
icd10:H91.1	Presbycusis	mesh:D011304	Presbycusis	cosine=0.779069		1.0	1.0	semapv:LexicalMatching	semapv:LexicalMatching	skos:exactMatch	skos:exactMatch
icd10:C82	Follicular lymphoma	mesh:D008224	Lymphoma, Follicular	cosine=0.778480		1.0	1.0	semapv:LexicalMatching	semapv:LexicalMatching	skos:exactMatch	skos:exactMatch
icd10:I67.4	Hypertensive encephalopathy	mesh:D020343	Hypertensive Encephalopathy	cosine=0.778478		1.0	1.0	semapv:LexicalMatching	semapv:LexicalMatching	skos:exactMatch	skos:exactMatch
icd10:Z31.1	Artificial insemination	mesh:D007315	Insemination, Artificial	cosine=0.778195		1.0	1.0	semapv:LexicalMatching	semapv:LexicalMatching	skos:exactMatch	skos:exactMatch
icd10:L43	Lichen planus	mesh:D008010	Lichen Planus	cosine=0.778090		1.0	1.0	semapv:LexicalMatching	semapv:LexicalMatching	skos:exactMatch	skos:exactMatch
icd10:L60.5	Yellow nail syndrome	mesh:D056684	Yellow Nail Syndrome	cosine=0.778069		1.0	1.0	semapv:LexicalMatching	semapv:LexicalMatching	skos:exactMatch	skos:exactMatch
icd10:T40.3	Methadone	mesh:D008691	Methadone	cosine=0.777781		1.0	1.0	semapv:LexicalMatching	semapv:LexicalMatching	skos:exactMatch	skos:exactMatch
icd10:A20	Plague	mesh:D010930	Plague	cosine=0.777705		1.0	1.0	semapv:LexicalMatching	semapv:LexicalMatching	skos:exactMatch	skos:exactMatch
icd10:H52.1	Myopia	mesh:D009216	Myopia	cosine=0.777638		1.0	1.0	semapv:LexicalMatching	semapv:LexicalMatching	skos:exactMatch	skos:exactMatch
icd10:I82.0	Budd-Chiari syndrome	mesh:D006502	Budd-Chiari Syndrome	cosine=0.777376		1.0	1.0	semapv:LexicalMatching	semapv:LexicalMatching	skos:exactMatch	skos:exactMatch
icd10:Q75.4	Mandibulofacial dysostosis	mesh:D008342	Mandibulofacial Dysostosis	cosine=0.777220		1.0	1.0	semapv:LexicalMatching	semapv:LexicalMatching	skos:exactMatch	skos:exactMatch
icd10:T42.3	Barbiturates	mesh:D001463	Barbiturates	cosine=0.777169		1.0	1.0	semapv:LexicalMatching	semapv:LexicalMatching	skos:exactMatch	skos:exactMatch
icd10:G11.4	Hereditary spastic paraplegia	mesh:D015419	Spastic Paraplegia, Hereditary	cosine=0.776857		1.0	1.0	semapv:LexicalMatching	semapv:LexicalMatching	skos:exactMatch	skos:exactMatch
icd10:Q81.0	Epidermolysis bullosa simplex	mesh:D016110	Epidermolysis Bullosa Simplex	cosine=0.776552		1.0	1.0	semapv:LexicalMatching	semapv:LexicalMatching	skos:exactMatch	skos:exactMatch
icd10:I50	Heart failure	mesh:D006333	Heart Failure	cosine=0.775484		1.0	1.0	semapv:LexicalMatching	semapv:LexicalMatching	skos:exactMatch	skos:exactMatch
icd10:M20.2	Hallux rigidus	mesh:D020859	Hallux Rigidus	cosine=0.775351		1.0	1.0	semapv:LexicalMatching	semapv:LexicalMatching	skos:exactMatch	skos:exactMatch
icd10:C71.6	Cerebellum	mesh:D002531	Cerebellum	cosine=0.775139		1.0	1.0	semapv:LexicalMatching	semapv:LexicalMatching	skos:exactMatch	skos:exactMatch
icd10:R63.1	Polydipsia	mesh:D059606	Polydipsia	cosine=0.774984		1.0	1.0	semapv:LexicalMatching	semapv:LexicalMatching	skos:exactMatch	skos:exactMatch
icd10:D09.2	Eye	mesh:D005123	Eye	cosine=0.774346		1.0	1.0	semapv:LexicalMatching	semapv:LexicalMatching	skos:exactMatch	skos:exactMatch
icd10:B44.0	Invasive pulmonary aspergillosis	mesh:D055744	Invasive Pulmonary Aspergillosis	cosine=0.774192		1.0	1.0	semapv:LexicalMatching	semapv:LexicalMatching	skos:exactMatch	skos:exactMatch
icd10:L83	Acanthosis nigricans	mesh:D000052	Acanthosis Nigricans	cosine=0.773729		1.0	1.0	semapv:LexicalMatching	semapv:LexicalMatching	skos:exactMatch	skos:exactMatch
icd10:E50	Vitamin A deficiency	mesh:D014802	Vitamin A Deficiency	cosine=0.772970		1.0	1.0	semapv:LexicalMatching	semapv:LexicalMatching	skos:exactMatch	skos:exactMatch
icd10:R57.2	Septic shock	mesh:D012772	Shock, Septic	cosine=0.772849		1.0	1.0	semapv:LexicalMatching	semapv:LexicalMatching	skos:exactMatch	skos:exactMatch
icd10:Y44.7	Plasma substitutes	mesh:D010952	Plasma Substitutes	cosine=0.772535		1.0	1.0	semapv:LexicalMatching	semapv:LexicalMatching	skos:exactMatch	skos:exactMatch
icd10:K59.0	Constipation	mesh:D003248	Constipation	cosine=0.771347		1.0	1.0	semapv:LexicalMatching	semapv:LexicalMatching	skos:exactMatch	skos:exactMatch
icd10:B38	Coccidioidomycosis	mesh:D003047	Coccidioidomycosis	cosine=0.771200		1.0	1.0	semapv:LexicalMatching	semapv:LexicalMatching	skos:exactMatch	skos:exactMatch
icd10:D10.1	Tongue	mesh:D014059	Tongue	cosine=0.770206		1.0	1.0	semapv:LexicalMatching	semapv:LexicalMatching	skos:exactMatch	skos:exactMatch
icd10:F20	Schizophrenia	mesh:D012559	Schizophrenia	cosine=0.769624		1.0	1.0	semapv:LexicalMatching	semapv:LexicalMatching	skos:exactMatch	skos:exactMatch
icd10:N35	Urethral stricture	mesh:D014525	Urethral Stricture	cosine=0.769477		1.0	1.0	semapv:LexicalMatching	semapv:LexicalMatching	skos:exactMatch	skos:exactMatch
icd10:L80	Vitiligo	mesh:D014820	Vitiligo	cosine=0.769360		1.0	1.0	semapv:LexicalMatching	semapv:LexicalMatching	skos:exactMatch	skos:exactMatch
icd10:M54.3	Sciatica	mesh:D012585	Sciatica	cosine=0.768862		1.0	1.0	semapv:LexicalMatching	semapv:LexicalMatching	skos:exactMatch	skos:exactMatch
icd10:E66	Obesity	mesh:D009765	Obesity	cosine=0.768632		1.0	1.0	semapv:LexicalMatching	semapv:LexicalMatching	skos:exactMatch	skos:exactMatch
icd10:T65.0	Cyanides	mesh:D003486	Cyanides	cosine=0.768186		1.0	1.0	semapv:LexicalMatching	semapv:LexicalMatching	skos:exactMatch	skos:exactMatch
icd10:A82	Rabies	mesh:D011818	Rabies	cosine=0.767337		1.0	1.0	semapv:LexicalMatching	semapv:LexicalMatching	skos:exactMatch	skos:exactMatch
icd10:Q67.7	Pectus carinatum	mesh:D066166	Pectus Carinatum	cosine=0.766904		1.0	1.0	semapv:LexicalMatching	semapv:LexicalMatching	skos:exactMatch	skos:exactMatch
icd10:T57.3	Hydrogen cyanide	mesh:D006856	Hydrogen Cyanide	cosine=0.766889		1.0	1.0	semapv:LexicalMatching	semapv:LexicalMatching	skos:exactMatch	skos:exactMatch
icd10:Q26.1	Persistent left superior vena cava	mesh:D000083402	Persistent Left Superior Vena Cava	cosine=0.766733		1.0	1.0	semapv:LexicalMatching	semapv:LexicalMatching	skos:exactMatch	skos:exactMatch
icd10:K29.8	Duodenitis	mesh:D004382	Duodenitis	cosine=0.766090		1.0	1.0	semapv:LexicalMatching	semapv:LexicalMatching	skos:exactMatch	skos:exactMatch
icd10:I15.0	Renovascular hypertension	mesh:D006978	Hypertension, Renovascular	cosine=0.765969		1.0	1.0	semapv:LexicalMatching	semapv:LexicalMatching	skos:exactMatch	skos:exactMatch
icd10:L58	Radiodermatitis	mesh:D011855	Radiodermatitis	cosine=0.765929		1.0	1.0	semapv:LexicalMatching	semapv:LexicalMatching	skos:exactMatch	skos:exactMatch
icd10:I37.0	Pulmonary valve stenosis	mesh:D011666	Pulmonary Valve Stenosis	cosine=0.765863		1.0	1.0	semapv:LexicalMatching	semapv:LexicalMatching	skos:exactMatch	skos:exactMatch
icd10:C21.1	Anal canal	mesh:D001003	Anal Canal	cosine=0.765236		1.0	1.0	semapv:LexicalMatching	semapv:LexicalMatching	skos:exactMatch	skos:exactMatch
icd10:L98.0	Pyogenic granuloma	mesh:D017789	Granuloma, Pyogenic	cosine=0.765222		1.0	1.0	semapv:LexicalMatching	semapv:LexicalMatching	skos:exactMatch	skos:exactMatch
icd10:T40.5	Cocaine	mesh:D003042	Cocaine	cosine=0.765067		1.0	1.0	semapv:LexicalMatching	semapv:LexicalMatching	skos:exactMatch	skos:exactMatch
icd10:C69.6	Orbit	mesh:D009915	Orbit	cosine=0.764974		1.0	1.0	semapv:LexicalMatching	semapv:LexicalMatching	skos:exactMatch	skos:exactMatch
icd10:A48.1	Legionnaires disease	mesh:D007877	Legionnaires' Disease	cosine=0.764815		1.0	1.0	semapv:LexicalMatching	semapv:LexicalMatching	skos:exactMatch	skos:exactMatch
icd10:Q80.0	Ichthyosis vulgaris	mesh:D016112	Ichthyosis Vulgaris	cosine=0.764526		1.0	1.0	semapv:LexicalMatching	semapv:LexicalMatching	skos:exactMatch	skos:exactMatch
icd10:O00	Ectopic pregnancy	mesh:D011271	Pregnancy, Ectopic	cosine=0.764482		1.0	1.0	semapv:LexicalMatching	semapv:LexicalMatching	skos:exactMatch	skos:exactMatch
icd10:J63.4	Siderosis	mesh:D012806	Siderosis	cosine=0.764343		1.0	1.0	semapv:LexicalMatching	semapv:LexicalMatching	skos:exactMatch	skos:exactMatch
icd10:M06.3	Rheumatoid nodule	mesh:D012218	Rheumatoid Nodule	cosine=0.763979		1.0	1.0	semapv:LexicalMatching	semapv:LexicalMatching	skos:exactMatch	skos:exactMatch
icd10:K75.4	Autoimmune hepatitis	mesh:D019693	Hepatitis, Autoimmune	cosine=0.763611		1.0	1.0	semapv:LexicalMatching	semapv:LexicalMatching	skos:exactMatch	skos:exactMatch
icd10:E73	Lactose intolerance	mesh:D007787	Lactose Intolerance	cosine=0.763199		1.0	1.0	semapv:LexicalMatching	semapv:LexicalMatching	skos:exactMatch	skos:exactMatch
icd10:R30.0	Dysuria	mesh:D053159	Dysuria	cosine=0.762961		1.0	1.0	semapv:LexicalMatching	semapv:LexicalMatching	skos:exactMatch	skos:exactMatch
icd10:C76.1	Thorax	mesh:D013909	Thorax	cosine=0.762848		1.0	1.0	semapv:LexicalMatching	semapv:LexicalMatching	skos:exactMatch	skos:exactMatch
icd10:B46	Zygomycosis	mesh:D020096	Zygomycosis	cosine=0.762573		1.0	1.0	semapv:LexicalMatching	semapv:LexicalMatching	skos:exactMatch	skos:exactMatch
icd10:B39	Histoplasmosis	mesh:D006660	Histoplasmosis	cosine=0.762444		1.0	1.0	semapv:LexicalMatching	semapv:LexicalMatching	skos:exactMatch	skos:exactMatch
icd10:A48.0	Gas gangrene	mesh:D005738	Gas Gangrene	cosine=0.762287		1.0	1.0	semapv:LexicalMatching	semapv:LexicalMatching	skos:exactMatch	skos:exactMatch
icd10:Q79.4	Prune belly syndrome	mesh:D011535	Prune Belly Syndrome	cosine=0.761412		1.0	1.0	semapv:LexicalMatching	semapv:LexicalMatching	skos:exactMatch	skos:exactMatch
icd10:M81.0	Postmenopausal osteoporosis	mesh:D015663	Osteoporosis, Postmenopausal	cosine=0.760719		1.0	1.0	semapv:LexicalMatching	semapv:LexicalMatching	skos:exactMatch	skos:exactMatch
icd10:F95	Tic disorders	mesh:D013981	Tic Disorders	cosine=0.760542		1.0	1.0	semapv:LexicalMatching	semapv:LexicalMatching	skos:exactMatch	skos:exactMatch
icd10:Y84.6	Urinary catheterization	mesh:D014546	Urinary Catheterization	cosine=0.759567		1.0	1.0	semapv:LexicalMatching	semapv:LexicalMatching	skos:exactMatch	skos:exactMatch
icd10:H05.4	Enophthalmos	mesh:D015841	Enophthalmos	cosine=0.759499		1.0	1.0	semapv:LexicalMatching	semapv:LexicalMatching	skos:exactMatch	skos:exactMatch
icd10:C71.7	Brain stem	mesh:D001933	Brain Stem	cosine=0.759171		1.0	1.0	semapv:LexicalMatching	semapv:LexicalMatching	skos:exactMatch	skos:exactMatch
icd10:Q82.3	Incontinentia pigmenti	mesh:D007184	Incontinentia Pigmenti	cosine=0.758835		1.0	1.0	semapv:LexicalMatching	semapv:LexicalMatching	skos:exactMatch	skos:exactMatch
icd10:K13.3	Hairy leukoplakia	mesh:D017733	Leukoplakia, Hairy	cosine=0.758517		1.0	1.0	semapv:LexicalMatching	semapv:LexicalMatching	skos:exactMatch	skos:exactMatch
icd10:L72.2	Steatocystoma multiplex	mesh:D062685	Steatocystoma Multiplex	cosine=0.757385		1.0	1.0	semapv:LexicalMatching	semapv:LexicalMatching	skos:exactMatch	skos:exactMatch
icd10:M87	Osteonecrosis	mesh:D010020	Osteonecrosis	cosine=0.757303		1.0	1.0	semapv:LexicalMatching	semapv:LexicalMatching	skos:exactMatch	skos:exactMatch
icd10:F65.3	Voyeurism	mesh:D014843	Voyeurism	cosine=0.757252		1.0	1.0	semapv:LexicalMatching	semapv:LexicalMatching	skos:exactMatch	skos:exactMatch
icd10:K66.2	Retroperitoneal fibrosis	mesh:D012185	Retroperitoneal Fibrosis	cosine=0.757107		1.0	1.0	semapv:LexicalMatching	semapv:LexicalMatching	skos:exactMatch	skos:exactMatch
icd10:G90.2	Horner syndrome	mesh:D006732	Horner Syndrome	cosine=0.756990		1.0	1.0	semapv:LexicalMatching	semapv:LexicalMatching	skos:exactMatch	skos:exactMatch
icd10:B40	Blastomycosis	mesh:D001759	Blastomycosis	cosine=0.756181		1.0	1.0	semapv:LexicalMatching	semapv:LexicalMatching	skos:exactMatch	skos:exactMatch
icd10:S22.5	Flail chest	mesh:D005409	Flail Chest	cosine=0.756036		1.0	1.0	semapv:LexicalMatching	semapv:LexicalMatching	skos:exactMatch	skos:exactMatch
icd10:I37.1	Pulmonary valve insufficiency	mesh:D011665	Pulmonary Valve Insufficiency	cosine=0.755754		1.0	1.0	semapv:LexicalMatching	semapv:LexicalMatching	skos:exactMatch	skos:exactMatch
icd10:A38	Scarlet fever	mesh:D012541	Scarlet Fever	cosine=0.755449		1.0	1.0	semapv:LexicalMatching	semapv:LexicalMatching	skos:exactMatch	skos:exactMatch
icd10:H16.0	Corneal ulcer	mesh:D003320	Corneal Ulcer	cosine=0.754917		1.0	1.0	semapv:LexicalMatching	semapv:LexicalMatching	skos:exactMatch	skos:exactMatch
icd10:Q18.5	Microstomia	mesh:D008865	Microstomia	cosine=0.754714		1.0	1.0	semapv:LexicalMatching	semapv:LexicalMatching	skos:exactMatch	skos:exactMatch
icd10:L51	Erythema multiforme	mesh:D004892	Erythema Multiforme	cosine=0.753873		1.0	1.0	semapv:LexicalMatching	semapv:LexicalMatching	skos:exactMatch	skos:exactMatch
icd10:K06.0	Gingival recession	mesh:D005889	Gingival Recession	cosine=0.752202		1.0	1.0	semapv:LexicalMatching	semapv:LexicalMatching	skos:exactMatch	skos:exactMatch
icd10:R51	Headache	mesh:D006261	Headache	cosine=0.751379		1.0	1.0	semapv:LexicalMatching	semapv:LexicalMatching	skos:exactMatch	skos:exactMatch
icd10:N46	Male infertility	mesh:D007248	Infertility, Male	cosine=0.751104		1.0	1.0	semapv:LexicalMatching	semapv:LexicalMatching	skos:exactMatch	skos:exactMatch
icd10:Q75.1	Craniofacial dysostosis	mesh:D003394	Craniofacial Dysostosis	cosine=0.750682		1.0	1.0	semapv:LexicalMatching	semapv:LexicalMatching	skos:exactMatch	skos:exactMatch
icd10:L68.0	Hirsutism	mesh:D006628	Hirsutism	cosine=0.750412		1.0	1.0	semapv:LexicalMatching	semapv:LexicalMatching	skos:exactMatch	skos:exactMatch
icd10:L20	Atopic dermatitis	mesh:D003876	Dermatitis, Atopic	cosine=0.750396		1.0	1.0	semapv:LexicalMatching	semapv:LexicalMatching	skos:exactMatch	skos:exactMatch
icd10:L94.2	Calcinosis cutis	mesh:D000092182	Calcinosis Cutis	cosine=0.750268		1.0	1.0	semapv:LexicalMatching	semapv:LexicalMatching	skos:exactMatch	skos:exactMatch
icd10:E80.5	Crigler-Najjar syndrome	mesh:D003414	Crigler-Najjar Syndrome	cosine=0.749466		1.0	1.0	semapv:LexicalMatching	semapv:LexicalMatching	skos:exactMatch	skos:exactMatch
icd10:B08.1	Molluscum contagiosum	mesh:D008976	Molluscum Contagiosum	cosine=0.749077		1.0	1.0	semapv:LexicalMatching	semapv:LexicalMatching	skos:exactMatch	skos:exactMatch
icd10:Q44.4	Choledochal cyst	mesh:D015529	Choledochal Cyst	cosine=0.748916		1.0	1.0	semapv:LexicalMatching	semapv:LexicalMatching	skos:exactMatch	skos:exactMatch
icd10:T51.2	2-Propanol	mesh:D019840	2-Propanol	cosine=0.748834		1.0	1.0	semapv:LexicalMatching	semapv:LexicalMatching	skos:exactMatch	skos:exactMatch
icd10:L26	Exfoliative dermatitis	mesh:D003873	Dermatitis, Exfoliative	cosine=0.748493		1.0	1.0	semapv:LexicalMatching	semapv:LexicalMatching	skos:exactMatch	skos:exactMatch
icd10:M60	Myositis	mesh:D009220	Myositis	cosine=0.748198		1.0	1.0	semapv:LexicalMatching	semapv:LexicalMatching	skos:exactMatch	skos:exactMatch
icd10:A87	Viral meningitis	mesh:D008587	Meningitis, Viral	cosine=0.748009		1.0	1.0	semapv:LexicalMatching	semapv:LexicalMatching	skos:exactMatch	skos:exactMatch
icd10:C83.7	Burkitt lymphoma	mesh:D002051	Burkitt Lymphoma	cosine=0.747293		1.0	1.0	semapv:LexicalMatching	semapv:LexicalMatching	skos:exactMatch	skos:exactMatch
icd10:R61	Hyperhidrosis	mesh:D006945	Hyperhidrosis	cosine=0.747075		1.0	1.0	semapv:LexicalMatching	semapv:LexicalMatching	skos:exactMatch	skos:exactMatch
icd10:G25.3	Myoclonus	mesh:D009207	Myoclonus	cosine=0.746859		1.0	1.0	semapv:LexicalMatching	semapv:LexicalMatching	skos:exactMatch	skos:exactMatch
icd10:R06.7	Sneezing	mesh:D012912	Sneezing	cosine=0.745068		1.0	1.0	semapv:LexicalMatching	semapv:LexicalMatching	skos:exactMatch	skos:exactMatch
icd10:Q22.5	Ebstein anomaly	mesh:D004437	Ebstein Anomaly	cosine=0.744806		1.0	1.0	semapv:LexicalMatching	semapv:LexicalMatching	skos:exactMatch	skos:exactMatch
icd10:H74.0	Tympanosclerosis	mesh:D000092163	Tympanosclerosis	cosine=0.744716		1.0	1.0	semapv:LexicalMatching	semapv:LexicalMatching	skos:exactMatch	skos:exactMatch
icd10:H52.2	Astigmatism	mesh:D001251	Astigmatism	cosine=0.744522		1.0	1.0	semapv:LexicalMatching	semapv:LexicalMatching	skos:exactMatch	skos:exactMatch
icd10:D13.4	Liver	mesh:D008099	Liver	cosine=0.744154		1.0	1.0	semapv:LexicalMatching	semapv:LexicalMatching	skos:exactMatch	skos:exactMatch
icd10:Q81	Epidermolysis bullosa	mesh:D004820	Epidermolysis Bullosa	cosine=0.744053		1.0	1.0	semapv:LexicalMatching	semapv:LexicalMatching	skos:exactMatch	skos:exactMatch
icd10:G81	Hemiplegia	mesh:D006429	Hemiplegia	cosine=0.742910		1.0	1.0	semapv:LexicalMatching	semapv:LexicalMatching	skos:exactMatch	skos:exactMatch
icd10:E20	Hypoparathyroidism	mesh:D007011	Hypoparathyroidism	cosine=0.742647		1.0	1.0	semapv:LexicalMatching	semapv:LexicalMatching	skos:exactMatch	skos:exactMatch
icd10:O03	Spontaneous abortion	mesh:D000022	Abortion, Spontaneous	cosine=0.742279		1.0	1.0	semapv:LexicalMatching	semapv:LexicalMatching	skos:exactMatch	skos:exactMatch
icd10:O48	Prolonged pregnancy	mesh:D011273	Pregnancy, Prolonged	cosine=0.742138		1.0	1.0	semapv:LexicalMatching	semapv:LexicalMatching	skos:exactMatch	skos:exactMatch
icd10:L71	Rosacea	mesh:D012393	Rosacea	cosine=0.741833		1.0	1.0	semapv:LexicalMatching	semapv:LexicalMatching	skos:exactMatch	skos:exactMatch
icd10:L44.0	Pityriasis rubra pilaris	mesh:D010916	Pityriasis Rubra Pilaris	cosine=0.741643		1.0	1.0	semapv:LexicalMatching	semapv:LexicalMatching	skos:exactMatch	skos:exactMatch
icd10:R41.2	Retrograde amnesia	mesh:D000648	Amnesia, Retrograde	cosine=0.741008		1.0	1.0	semapv:LexicalMatching	semapv:LexicalMatching	skos:exactMatch	skos:exactMatch
icd10:A95	Yellow fever	mesh:D015004	Yellow Fever	cosine=0.740973		1.0	1.0	semapv:LexicalMatching	semapv:LexicalMatching	skos:exactMatch	skos:exactMatch
icd10:L41	Parapsoriasis	mesh:D010267	Parapsoriasis	cosine=0.740917		1.0	1.0	semapv:LexicalMatching	semapv:LexicalMatching	skos:exactMatch	skos:exactMatch
icd10:F50.2	Bulimia nervosa	mesh:D052018	Bulimia Nervosa	cosine=0.740551		1.0	1.0	semapv:LexicalMatching	semapv:LexicalMatching	skos:exactMatch	skos:exactMatch
icd10:D69.3	Idiopathic thrombocytopenic purpura	mesh:D016553	Purpura, Thrombocytopenic, Idiopathic	cosine=0.740390		1.0	1.0	semapv:LexicalMatching	semapv:LexicalMatching	skos:exactMatch	skos:exactMatch
icd10:M54.1	Radiculopathy	mesh:D011843	Radiculopathy	cosine=0.739732		1.0	1.0	semapv:LexicalMatching	semapv:LexicalMatching	skos:exactMatch	skos:exactMatch
icd10:M33.2	Polymyositis	mesh:D017285	Polymyositis	cosine=0.737969		1.0	1.0	semapv:LexicalMatching	semapv:LexicalMatching	skos:exactMatch	skos:exactMatch
icd10:L50	Urticaria	mesh:D014581	Urticaria	cosine=0.737665		1.0	1.0	semapv:LexicalMatching	semapv:LexicalMatching	skos:exactMatch	skos:exactMatch
icd10:G90.4	Autonomic dysreflexia	mesh:D020211	Autonomic Dysreflexia	cosine=0.737090		1.0	1.0	semapv:LexicalMatching	semapv:LexicalMatching	skos:exactMatch	skos:exactMatch
icd10:H02.2	Lagophthalmos	mesh:D000092164	Lagophthalmos	cosine=0.737090		1.0	1.0	semapv:LexicalMatching	semapv:LexicalMatching	skos:exactMatch	skos:exactMatch
icd10:A96.2	Lassa fever	mesh:D007835	Lassa Fever	cosine=0.736965		1.0	1.0	semapv:LexicalMatching	semapv:LexicalMatching	skos:exactMatch	skos:exactMatch
icd10:G41	Status epilepticus	mesh:D013226	Status Epilepticus	cosine=0.736446		1.0	1.0	semapv:LexicalMatching	semapv:LexicalMatching	skos:exactMatch	skos:exactMatch
icd10:B03	Smallpox	mesh:D012899	Smallpox	cosine=0.736434		1.0	1.0	semapv:LexicalMatching	semapv:LexicalMatching	skos:exactMatch	skos:exactMatch
icd10:G60.1	Refsum disease	mesh:D012035	Refsum Disease	cosine=0.736308		1.0	1.0	semapv:LexicalMatching	semapv:LexicalMatching	skos:exactMatch	skos:exactMatch
icd10:E80.1	Porphyria cutanea tarda	mesh:D017119	Porphyria Cutanea Tarda	cosine=0.735674		1.0	1.0	semapv:LexicalMatching	semapv:LexicalMatching	skos:exactMatch	skos:exactMatch
icd10:B55.2	Mucocutaneous leishmaniasis	mesh:D007897	Leishmaniasis, Mucocutaneous	cosine=0.735112		1.0	1.0	semapv:LexicalMatching	semapv:LexicalMatching	skos:exactMatch	skos:exactMatch
icd10:B47	Mycetoma	mesh:D008271	Mycetoma	cosine=0.734670		1.0	1.0	semapv:LexicalMatching	semapv:LexicalMatching	skos:exactMatch	skos:exactMatch
icd10:E11	Type 2 diabetes mellitus	mesh:D003924	Diabetes Mellitus, Type 2	cosine=0.734627		1.0	1.0	semapv:LexicalMatching	semapv:LexicalMatching	skos:exactMatch	skos:exactMatch
icd10:R41.1	Anterograde amnesia	mesh:D020324	Amnesia, Anterograde	cosine=0.734515		1.0	1.0	semapv:LexicalMatching	semapv:LexicalMatching	skos:exactMatch	skos:exactMatch
icd10:Y43.4	Immunosuppressive agents	mesh:D007166	Immunosuppressive Agents	cosine=0.732842		1.0	1.0	semapv:LexicalMatching	semapv:LexicalMatching	skos:exactMatch	skos:exactMatch
icd10:A97	Dengue	mesh:D003715	Dengue	cosine=0.732033		1.0	1.0	semapv:LexicalMatching	semapv:LexicalMatching	skos:exactMatch	skos:exactMatch
icd10:Q00.0	Anencephaly	mesh:D000757	Anencephaly	cosine=0.730953		1.0	1.0	semapv:LexicalMatching	semapv:LexicalMatching	skos:exactMatch	skos:exactMatch
icd10:L40	Psoriasis	mesh:D011565	Psoriasis	cosine=0.730789		1.0	1.0	semapv:LexicalMatching	semapv:LexicalMatching	skos:exactMatch	skos:exactMatch
icd10:A87.2	Lymphocytic choriomeningitis	mesh:D008216	Lymphocytic Choriomeningitis	cosine=0.730130		1.0	1.0	semapv:LexicalMatching	semapv:LexicalMatching	skos:exactMatch	skos:exactMatch
icd10:B56	African trypanosomiasis	mesh:D014353	Trypanosomiasis, African	cosine=0.729518		1.0	1.0	semapv:LexicalMatching	semapv:LexicalMatching	skos:exactMatch	skos:exactMatch
icd10:I87.0	Postthrombotic syndrome	mesh:D054070	Postthrombotic Syndrome	cosine=0.728477		1.0	1.0	semapv:LexicalMatching	semapv:LexicalMatching	skos:exactMatch	skos:exactMatch
icd10:D10.6	Nasopharynx	mesh:D009305	Nasopharynx	cosine=0.727857		1.0	1.0	semapv:LexicalMatching	semapv:LexicalMatching	skos:exactMatch	skos:exactMatch
icd10:E30.1	Precocious puberty	mesh:D011629	Puberty, Precocious	cosine=0.727806		1.0	1.0	semapv:LexicalMatching	semapv:LexicalMatching	skos:exactMatch	skos:exactMatch
icd10:K62.3	Rectal prolapse	mesh:D012005	Rectal Prolapse	cosine=0.726936		1.0	1.0	semapv:LexicalMatching	semapv:LexicalMatching	skos:exactMatch	skos:exactMatch
icd10:D73.1	Hypersplenism	mesh:D006971	Hypersplenism	cosine=0.726716		1.0	1.0	semapv:LexicalMatching	semapv:LexicalMatching	skos:exactMatch	skos:exactMatch
icd10:B74.4	Mansonelliasis	mesh:D008368	Mansonelliasis	cosine=0.725978		1.0	1.0	semapv:LexicalMatching	semapv:LexicalMatching	skos:exactMatch	skos:exactMatch
icd10:L90.0	Lichen sclerosus et atrophicus	mesh:D018459	Lichen Sclerosus et Atrophicus	cosine=0.725341		1.0	1.0	semapv:LexicalMatching	semapv:LexicalMatching	skos:exactMatch	skos:exactMatch
icd10:H27.0	Aphakia	mesh:D001035	Aphakia	cosine=0.725253		1.0	1.0	semapv:LexicalMatching	semapv:LexicalMatching	skos:exactMatch	skos:exactMatch
icd10:I95.1	Orthostatic hypotension	mesh:D007024	Hypotension, Orthostatic	cosine=0.725233		1.0	1.0	semapv:LexicalMatching	semapv:LexicalMatching	skos:exactMatch	skos:exactMatch
icd10:Q78.4	Enchondromatosis	mesh:D004687	Enchondromatosis	cosine=0.725151		1.0	1.0	semapv:LexicalMatching	semapv:LexicalMatching	skos:exactMatch	skos:exactMatch
icd10:P83.0	Sclerema neonatorum	mesh:D012593	Sclerema Neonatorum	cosine=0.724913		1.0	1.0	semapv:LexicalMatching	semapv:LexicalMatching	skos:exactMatch	skos:exactMatch
icd10:C76.3	Pelvis	mesh:D010388	Pelvis	cosine=0.724852		1.0	1.0	semapv:LexicalMatching	semapv:LexicalMatching	skos:exactMatch	skos:exactMatch
icd10:A46	Erysipelas	mesh:D004886	Erysipelas	cosine=0.724451		1.0	1.0	semapv:LexicalMatching	semapv:LexicalMatching	skos:exactMatch	skos:exactMatch
icd10:Q82.1	Xeroderma pigmentosum	mesh:D014983	Xeroderma Pigmentosum	cosine=0.724121		1.0	1.0	semapv:LexicalMatching	semapv:LexicalMatching	skos:exactMatch	skos:exactMatch
icd10:M45	Ankylosing spondylitis	mesh:D013167	Spondylitis, Ankylosing	cosine=0.722767		1.0	1.0	semapv:LexicalMatching	semapv:LexicalMatching	skos:exactMatch	skos:exactMatch
icd10:A39.0	Meningococcal meningitis	mesh:D008585	Meningitis, Meningococcal	cosine=0.722213		1.0	1.0	semapv:LexicalMatching	semapv:LexicalMatching	skos:exactMatch	skos:exactMatch
icd10:A23	Brucellosis	mesh:D002006	Brucellosis	cosine=0.721921		1.0	1.0	semapv:LexicalMatching	semapv:LexicalMatching	skos:exactMatch	skos:exactMatch
icd10:T59.6	Hydrogen sulfide	mesh:D006862	Hydrogen Sulfide	cosine=0.721767		1.0	1.0	semapv:LexicalMatching	semapv:LexicalMatching	skos:exactMatch	skos:exactMatch
icd10:G12.2	Motor neuron disease	mesh:D016472	Motor Neuron Disease	cosine=0.721567		1.0	1.0	semapv:LexicalMatching	semapv:LexicalMatching	skos:exactMatch	skos:exactMatch
icd10:Q76.0	Spina bifida occulta	mesh:D016136	Spina Bifida Occulta	cosine=0.720579		1.0	1.0	semapv:LexicalMatching	semapv:LexicalMatching	skos:exactMatch	skos:exactMatch
icd10:L88	Pyoderma gangrenosum	mesh:D017511	Pyoderma Gangrenosum	cosine=0.720404		1.0	1.0	semapv:LexicalMatching	semapv:LexicalMatching	skos:exactMatch	skos:exactMatch
icd10:J45	Asthma	mesh:D001249	Asthma	cosine=0.720138		1.0	1.0	semapv:LexicalMatching	semapv:LexicalMatching	skos:exactMatch	skos:exactMatch
icd10:M35.5	Multifocal fibrosclerosis	mesh:C537375	Multifocal fibrosclerosis	cosine=0.719687		1.0	1.0	semapv:LexicalMatching	semapv:LexicalMatching	skos:exactMatch	skos:exactMatch
icd10:L70.0	Acne vulgaris	mesh:D000152	Acne Vulgaris	cosine=0.719337		1.0	1.0	semapv:LexicalMatching	semapv:LexicalMatching	skos:exactMatch	skos:exactMatch
icd10:Q89.4	Conjoined twins	mesh:D014428	Twins, Conjoined	cosine=0.718868		1.0	1.0	semapv:LexicalMatching	semapv:LexicalMatching	skos:exactMatch	skos:exactMatch
icd10:L95.1	Erythema elevatum diutinum	mesh:C535509	Erythema elevatum diutinum	cosine=0.718648		1.0	1.0	semapv:LexicalMatching	semapv:LexicalMatching	skos:exactMatch	skos:exactMatch
icd10:G51.0	Bell palsy	mesh:D020330	Bell Palsy	cosine=0.718569		1.0	1.0	semapv:LexicalMatching	semapv:LexicalMatching	skos:exactMatch	skos:exactMatch
icd10:B83.1	Gnathostomiasis	mesh:D058429	Gnathostomiasis	cosine=0.717436		1.0	1.0	semapv:LexicalMatching	semapv:LexicalMatching	skos:exactMatch	skos:exactMatch
icd10:I47	Paroxysmal tachycardia	mesh:D013614	Tachycardia, Paroxysmal	cosine=0.717164		1.0	1.0	semapv:LexicalMatching	semapv:LexicalMatching	skos:exactMatch	skos:exactMatch
icd10:J47	Bronchiectasis	mesh:D001987	Bronchiectasis	cosine=0.716422		1.0	1.0	semapv:LexicalMatching	semapv:LexicalMatching	skos:exactMatch	skos:exactMatch
icd10:Q77.3	Chondrodysplasia punctata	mesh:D002806	Chondrodysplasia Punctata	cosine=0.714807		1.0	1.0	semapv:LexicalMatching	semapv:LexicalMatching	skos:exactMatch	skos:exactMatch
icd10:B74	Filariasis	mesh:D005368	Filariasis	cosine=0.714759		1.0	1.0	semapv:LexicalMatching	semapv:LexicalMatching	skos:exactMatch	skos:exactMatch
icd10:Q96	Turner syndrome	mesh:D014424	Turner Syndrome	cosine=0.714164		1.0	1.0	semapv:LexicalMatching	semapv:LexicalMatching	skos:exactMatch	skos:exactMatch
icd10:E20.1	Pseudohypoparathyroidism	mesh:D011547	Pseudohypoparathyroidism	cosine=0.713462		1.0	1.0	semapv:LexicalMatching	semapv:LexicalMatching	skos:exactMatch	skos:exactMatch
icd10:T53.2	Trichloroethylene	mesh:D014241	Trichloroethylene	cosine=0.713226		1.0	1.0	semapv:LexicalMatching	semapv:LexicalMatching	skos:exactMatch	skos:exactMatch
icd10:G96.0	Cerebrospinal fluid leak	mesh:D065634	Cerebrospinal Fluid Leak	cosine=0.712811		1.0	1.0	semapv:LexicalMatching	semapv:LexicalMatching	skos:exactMatch	skos:exactMatch
icd10:L72.0	Epidermal cyst	mesh:D004814	Epidermal Cyst	cosine=0.711993		1.0	1.0	semapv:LexicalMatching	semapv:LexicalMatching	skos:exactMatch	skos:exactMatch
icd10:D10.0	Lip	mesh:D008046	Lip	cosine=0.711414		1.0	1.0	semapv:LexicalMatching	semapv:LexicalMatching	skos:exactMatch	skos:exactMatch
icd10:Q76.5	Cervical rib	mesh:D057070	Cervical Rib	cosine=0.711096		1.0	1.0	semapv:LexicalMatching	semapv:LexicalMatching	skos:exactMatch	skos:exactMatch
icd10:Q81.2	Epidermolysis bullosa dystrophica	mesh:D016108	Epidermolysis Bullosa Dystrophica	cosine=0.710631		1.0	1.0	semapv:LexicalMatching	semapv:LexicalMatching	skos:exactMatch	skos:exactMatch
icd10:R43.0	Anosmia	mesh:D000086582	Anosmia	cosine=0.709755		1.0	1.0	semapv:LexicalMatching	semapv:LexicalMatching	skos:exactMatch	skos:exactMatch
icd10:G45.3	Amaurosis fugax	mesh:D020757	Amaurosis Fugax	cosine=0.709228		1.0	1.0	semapv:LexicalMatching	semapv:LexicalMatching	skos:exactMatch	skos:exactMatch
icd10:E06.1	Subacute thyroiditis	mesh:D013968	Thyroiditis, Subacute	cosine=0.707962		1.0	1.0	semapv:LexicalMatching	semapv:LexicalMatching	skos:exactMatch	skos:exactMatch
icd10:M43.6	Torticollis	mesh:D014103	Torticollis	cosine=0.706920		1.0	1.0	semapv:LexicalMatching	semapv:LexicalMatching	skos:exactMatch	skos:exactMatch
icd10:D10.7	Hypopharynx	mesh:D007013	Hypopharynx	cosine=0.706742		1.0	1.0	semapv:LexicalMatching	semapv:LexicalMatching	skos:exactMatch	skos:exactMatch
icd10:C67.7	Urachus	mesh:D014497	Urachus	cosine=0.705216		1.0	1.0	semapv:LexicalMatching	semapv:LexicalMatching	skos:exactMatch	skos:exactMatch
icd10:P57	Kernicterus	mesh:D007647	Kernicterus	cosine=0.703559		1.0	1.0	semapv:LexicalMatching	semapv:LexicalMatching	skos:exactMatch	skos:exactMatch
icd10:Q69	Polydactyly	mesh:D017689	Polydactyly	cosine=0.703475		1.0	1.0	semapv:LexicalMatching	semapv:LexicalMatching	skos:exactMatch	skos:exactMatch
icd10:N43.4	Spermatocele	mesh:D013088	Spermatocele	cosine=0.700904		1.0	1.0	semapv:LexicalMatching	semapv:LexicalMatching	skos:exactMatch	skos:exactMatch
icd10:C08.0	Submandibular gland	mesh:D013363	Submandibular Gland	cosine=0.699788		1.0	1.0	semapv:LexicalMatching	semapv:LexicalMatching	skos:exactMatch	skos:exactMatch
icd10:T52.3	Glycols	mesh:D006018	Glycols	cosine=0.699756		1.0	1.0	semapv:LexicalMatching	semapv:LexicalMatching	skos:exactMatch	skos:exactMatch
icd10:L73.0	Acne keloid	mesh:D000153	Acne Keloid	cosine=0.699359		1.0	1.0	semapv:LexicalMatching	semapv:LexicalMatching	skos:exactMatch	skos:exactMatch
icd10:K02	Dental caries	mesh:D003731	Dental Caries	cosine=0.698628		1.0	1.0	semapv:LexicalMatching	semapv:LexicalMatching	skos:exactMatch	skos:exactMatch
icd10:Q24.2	Cor triatriatum	mesh:D003310	Cor Triatriatum	cosine=0.697974		1.0	1.0	semapv:LexicalMatching	semapv:LexicalMatching	skos:exactMatch	skos:exactMatch
icd10:A00	Cholera	mesh:D002771	Cholera	cosine=0.697338		1.0	1.0	semapv:LexicalMatching	semapv:LexicalMatching	skos:exactMatch	skos:exactMatch
icd10:A79.0	Trench fever	mesh:D014205	Trench Fever	cosine=0.696565		1.0	1.0	semapv:LexicalMatching	semapv:LexicalMatching	skos:exactMatch	skos:exactMatch
icd10:D39.2	Placenta	mesh:D010920	Placenta	cosine=0.695751		1.0	1.0	semapv:LexicalMatching	semapv:LexicalMatching	skos:exactMatch	skos:exactMatch
icd10:Q66.2	Metatarsus varus	mesh:D000070592	Metatarsus Varus	cosine=0.695648		1.0	1.0	semapv:LexicalMatching	semapv:LexicalMatching	skos:exactMatch	skos:exactMatch
icd10:Q77.4	Achondroplasia	mesh:D000130	Achondroplasia	cosine=0.695243		1.0	1.0	semapv:LexicalMatching	semapv:LexicalMatching	skos:exactMatch	skos:exactMatch
icd10:I42.0	Dilated cardiomyopathy	mesh:D002311	Cardiomyopathy, Dilated	cosine=0.695122		1.0	1.0	semapv:LexicalMatching	semapv:LexicalMatching	skos:exactMatch	skos:exactMatch
icd10:A27	Leptospirosis	mesh:D007922	Leptospirosis	cosine=0.694745		1.0	1.0	semapv:LexicalMatching	semapv:LexicalMatching	skos:exactMatch	skos:exactMatch
icd10:D46	Myelodysplastic syndromes	mesh:D009190	Myelodysplastic Syndromes	cosine=0.694127		1.0	1.0	semapv:LexicalMatching	semapv:LexicalMatching	skos:exactMatch	skos:exactMatch
icd10:B26	Mumps	mesh:D009107	Mumps	cosine=0.692998		1.0	1.0	semapv:LexicalMatching	semapv:LexicalMatching	skos:exactMatch	skos:exactMatch
icd10:Q86.1	Fetal hydantoin syndrome	mesh:C537922	Fetal hydantoin syndrome	cosine=0.692211		1.0	1.0	semapv:LexicalMatching	semapv:LexicalMatching	skos:exactMatch	skos:exactMatch
icd10:A36	Diphtheria	mesh:D004165	Diphtheria	cosine=0.691388		1.0	1.0	semapv:LexicalMatching	semapv:LexicalMatching	skos:exactMatch	skos:exactMatch
icd10:D48.5	Skin	mesh:D012867	Skin	cosine=0.690817		1.0	1.0	semapv:LexicalMatching	semapv:LexicalMatching	skos:exactMatch	skos:exactMatch
icd10:T52.1	Benzene	mesh:D001554	Benzene	cosine=0.690609		1.0	1.0	semapv:LexicalMatching	semapv:LexicalMatching	skos:exactMatch	skos:exactMatch
icd10:Q18.4	Macrostomia	mesh:D008265	Macrostomia	cosine=0.689993		1.0	1.0	semapv:LexicalMatching	semapv:LexicalMatching	skos:exactMatch	skos:exactMatch
icd10:T40.0	Opium	mesh:D009892	Opium	cosine=0.689331		1.0	1.0	semapv:LexicalMatching	semapv:LexicalMatching	skos:exactMatch	skos:exactMatch
icd10:G80	Cerebral palsy	mesh:D002547	Cerebral Palsy	cosine=0.687420		1.0	1.0	semapv:LexicalMatching	semapv:LexicalMatching	skos:exactMatch	skos:exactMatch
icd10:C05.1	Soft palate	mesh:D010160	Palate, Soft	cosine=0.686520		1.0	1.0	semapv:LexicalMatching	semapv:LexicalMatching	skos:exactMatch	skos:exactMatch
icd10:C45	Mesothelioma	mesh:D008654	Mesothelioma	cosine=0.686203		1.0	1.0	semapv:LexicalMatching	semapv:LexicalMatching	skos:exactMatch	skos:exactMatch
icd10:F43.2	Adjustment disorders	mesh:D000275	Adjustment Disorders	cosine=0.684231		1.0	1.0	semapv:LexicalMatching	semapv:LexicalMatching	skos:exactMatch	skos:exactMatch
icd10:O88.1	Amniotic fluid embolism	mesh:D004619	Embolism, Amniotic Fluid	cosine=0.683465		1.0	1.0	semapv:LexicalMatching	semapv:LexicalMatching	skos:exactMatch	skos:exactMatch
icd10:R12	Heartburn	mesh:D006356	Heartburn	cosine=0.681526		1.0	1.0	semapv:LexicalMatching	semapv:LexicalMatching	skos:exactMatch	skos:exactMatch
icd10:G93.7	Reye syndrome	mesh:D012202	Reye Syndrome	cosine=0.680850		1.0	1.0	semapv:LexicalMatching	semapv:LexicalMatching	skos:exactMatch	skos:exactMatch
icd10:D13.6	Pancreas	mesh:D010179	Pancreas	cosine=0.679944		1.0	1.0	semapv:LexicalMatching	semapv:LexicalMatching	skos:exactMatch	skos:exactMatch
icd10:D44.0	Thyroid gland	mesh:D013961	Thyroid Gland	cosine=0.678956		1.0	1.0	semapv:LexicalMatching	semapv:LexicalMatching	skos:exactMatch	skos:exactMatch
icd10:G91	Hydrocephalus	mesh:D006849	Hydrocephalus	cosine=0.678493		1.0	1.0	semapv:LexicalMatching	semapv:LexicalMatching	skos:exactMatch	skos:exactMatch
icd10:K04.8	Radicular cyst	mesh:D011842	Radicular Cyst	cosine=0.678300		1.0	1.0	semapv:LexicalMatching	semapv:LexicalMatching	skos:exactMatch	skos:exactMatch
icd10:C31.2	Frontal sinus	mesh:D005626	Frontal Sinus	cosine=0.676138		1.0	1.0	semapv:LexicalMatching	semapv:LexicalMatching	skos:exactMatch	skos:exactMatch
icd10:R29.0	Tetany	mesh:D013746	Tetany	cosine=0.675709		1.0	1.0	semapv:LexicalMatching	semapv:LexicalMatching	skos:exactMatch	skos:exactMatch
icd10:G35	Multiple sclerosis	mesh:D009103	Multiple Sclerosis	cosine=0.674383		1.0	1.0	semapv:LexicalMatching	semapv:LexicalMatching	skos:exactMatch	skos:exactMatch
icd10:R29.2	Abnormal reflex	mesh:D012021	Reflex, Abnormal	cosine=0.674091		1.0	1.0	semapv:LexicalMatching	semapv:LexicalMatching	skos:exactMatch	skos:exactMatch
icd10:C71.4	Occipital lobe	mesh:D009778	Occipital Lobe	cosine=0.672292		1.0	1.0	semapv:LexicalMatching	semapv:LexicalMatching	skos:exactMatch	skos:exactMatch
icd10:Q85.1	Tuberous sclerosis	mesh:D014402	Tuberous Sclerosis	cosine=0.671106		1.0	1.0	semapv:LexicalMatching	semapv:LexicalMatching	skos:exactMatch	skos:exactMatch
icd10:C24.1	Ampulla of Vater	mesh:D014670	Ampulla of Vater	cosine=0.670762		1.0	1.0	semapv:LexicalMatching	semapv:LexicalMatching	skos:exactMatch	skos:exactMatch
icd10:H93.1	Tinnitus	mesh:D014012	Tinnitus	cosine=0.669707		1.0	1.0	semapv:LexicalMatching	semapv:LexicalMatching	skos:exactMatch	skos:exactMatch
icd10:G83.5	Locked-in syndrome	mesh:D000080422	Locked-In Syndrome	cosine=0.668617		1.0	1.0	semapv:LexicalMatching	semapv:LexicalMatching	skos:exactMatch	skos:exactMatch
icd10:Z30.2	Sterilization	mesh:D013242	Sterilization	cosine=0.668130		1.0	1.0	semapv:LexicalMatching	semapv:LexicalMatching	skos:exactMatch	skos:exactMatch
icd10:G37.2	Central pontine myelinolysis	mesh:D017590	Myelinolysis, Central Pontine	cosine=0.664724		1.0	1.0	semapv:LexicalMatching	semapv:LexicalMatching	skos:exactMatch	skos:exactMatch
icd10:T65.4	Carbon disulfide	mesh:D002246	Carbon Disulfide	cosine=0.664649		1.0	1.0	semapv:LexicalMatching	semapv:LexicalMatching	skos:exactMatch	skos:exactMatch
icd10:C83.1	Mantle cell lymphoma	mesh:D020522	Lymphoma, Mantle-Cell	cosine=0.663195		1.0	1.0	semapv:LexicalMatching	semapv:LexicalMatching	skos:exactMatch	skos:exactMatch
icd10:Q82.2	Mastocytosis	mesh:D008415	Mastocytosis	cosine=0.662681		1.0	1.0	semapv:LexicalMatching	semapv:LexicalMatching	skos:exactMatch	skos:exactMatch
icd10:A92.4	Rift Valley fever	mesh:D012295	Rift Valley Fever	cosine=0.662637		1.0	1.0	semapv:LexicalMatching	semapv:LexicalMatching	skos:exactMatch	skos:exactMatch
icd10:L08.1	Erythrasma	mesh:D004894	Erythrasma	cosine=0.662544		1.0	1.0	semapv:LexicalMatching	semapv:LexicalMatching	skos:exactMatch	skos:exactMatch
icd10:E51.1	Beriberi	mesh:D001602	Beriberi	cosine=0.661607		1.0	1.0	semapv:LexicalMatching	semapv:LexicalMatching	skos:exactMatch	skos:exactMatch
icd10:C46	Kaposi sarcoma	mesh:D012514	Sarcoma, Kaposi	cosine=0.660495		1.0	1.0	semapv:LexicalMatching	semapv:LexicalMatching	skos:exactMatch	skos:exactMatch
icd10:E51.2	Wernicke encephalopathy	mesh:D014899	Wernicke Encephalopathy	cosine=0.657989		1.0	1.0	semapv:LexicalMatching	semapv:LexicalMatching	skos:exactMatch	skos:exactMatch
icd10:R40.1	Stupor	mesh:D053608	Stupor	cosine=0.657740		1.0	1.0	semapv:LexicalMatching	semapv:LexicalMatching	skos:exactMatch	skos:exactMatch
icd10:D86	Sarcoidosis	mesh:D012507	Sarcoidosis	cosine=0.656123		1.0	1.0	semapv:LexicalMatching	semapv:LexicalMatching	skos:exactMatch	skos:exactMatch
icd10:G10	Huntington disease	mesh:D006816	Huntington Disease	cosine=0.655707		1.0	1.0	semapv:LexicalMatching	semapv:LexicalMatching	skos:exactMatch	skos:exactMatch
icd10:C71.2	Temporal lobe	mesh:D013702	Temporal Lobe	cosine=0.654870		1.0	1.0	semapv:LexicalMatching	semapv:LexicalMatching	skos:exactMatch	skos:exactMatch
icd10:A37	Whooping cough	mesh:D014917	Whooping Cough	cosine=0.654668		1.0	1.0	semapv:LexicalMatching	semapv:LexicalMatching	skos:exactMatch	skos:exactMatch
icd10:L42	Pityriasis rosea	mesh:D017515	Pityriasis Rosea	cosine=0.651014		1.0	1.0	semapv:LexicalMatching	semapv:LexicalMatching	skos:exactMatch	skos:exactMatch
icd10:G70.0	Myasthenia gravis	mesh:D009157	Myasthenia Gravis	cosine=0.645497		1.0	1.0	semapv:LexicalMatching	semapv:LexicalMatching	skos:exactMatch	skos:exactMatch
icd10:Y54.0	Mineralocorticoids	mesh:D008901	Mineralocorticoids	cosine=0.645400		1.0	1.0	semapv:LexicalMatching	semapv:LexicalMatching	skos:exactMatch	skos:exactMatch
icd10:L71.0	Perioral dermatitis	mesh:D019557	Dermatitis, Perioral	cosine=0.639675		1.0	1.0	semapv:LexicalMatching	semapv:LexicalMatching	skos:exactMatch	skos:exactMatch
icd10:D26.0	Cervix uteri	mesh:D002584	Cervix Uteri	cosine=0.638917		1.0	1.0	semapv:LexicalMatching	semapv:LexicalMatching	skos:exactMatch	skos:exactMatch
icd10:C71.3	Parietal lobe	mesh:D010296	Parietal Lobe	cosine=0.634898		1.0	1.0	semapv:LexicalMatching	semapv:LexicalMatching	skos:exactMatch	skos:exactMatch
icd10:E84	Cystic fibrosis	mesh:D003550	Cystic Fibrosis	cosine=0.634836		1.0	1.0	semapv:LexicalMatching	semapv:LexicalMatching	skos:exactMatch	skos:exactMatch
icd10:E24.1	Nelson syndrome	mesh:D009347	Nelson Syndrome	cosine=0.631140		1.0	1.0	semapv:LexicalMatching	semapv:LexicalMatching	skos:exactMatch	skos:exactMatch
icd10:G00.1	Pneumococcal meningitis	mesh:D008586	Meningitis, Pneumococcal	cosine=0.629462		1.0	1.0	semapv:LexicalMatching	semapv:LexicalMatching	skos:exactMatch	skos:exactMatch
icd10:A50	Congenital syphilis	mesh:D013590	Syphilis, Congenital	cosine=0.624193		1.0	1.0	semapv:LexicalMatching	semapv:LexicalMatching	skos:exactMatch	skos:exactMatch
icd10:F84.2	Rett syndrome	mesh:D015518	Rett Syndrome	cosine=0.624137		1.0	1.0	semapv:LexicalMatching	semapv:LexicalMatching	skos:exactMatch	skos:exactMatch
icd10:R49.0	Dysphonia	mesh:D055154	Dysphonia	cosine=0.623890		1.0	1.0	semapv:LexicalMatching	semapv:LexicalMatching	skos:exactMatch	skos:exactMatch
icd10:K56.1	Intussusception	mesh:D007443	Intussusception	cosine=0.623548		1.0	1.0	semapv:LexicalMatching	semapv:LexicalMatching	skos:exactMatch	skos:exactMatch
icd10:I47.2	Ventricular tachycardia	mesh:D017180	Tachycardia, Ventricular	cosine=0.622349		1.0	1.0	semapv:LexicalMatching	semapv:LexicalMatching	skos:exactMatch	skos:exactMatch
icd10:R06.5	Mouth breathing	mesh:D009058	Mouth Breathing	cosine=0.622181		1.0	1.0	semapv:LexicalMatching	semapv:LexicalMatching	skos:exactMatch	skos:exactMatch
icd10:R05	Cough	mesh:D003371	Cough	cosine=0.621424		1.0	1.0	semapv:LexicalMatching	semapv:LexicalMatching	skos:exactMatch	skos:exactMatch
icd10:E10	Type 1 diabetes mellitus	mesh:D003922	Diabetes Mellitus, Type 1	cosine=0.618419		1.0	1.0	semapv:LexicalMatching	semapv:LexicalMatching	skos:exactMatch	skos:exactMatch
icd10:A57	Chancroid	mesh:D002602	Chancroid	cosine=0.610495		1.0	1.0	semapv:LexicalMatching	semapv:LexicalMatching	skos:exactMatch	skos:exactMatch
icd10:Q64.0	Epispadias	mesh:D004842	Epispadias	cosine=0.607567		1.0	1.0	semapv:LexicalMatching	semapv:LexicalMatching	skos:exactMatch	skos:exactMatch
icd10:K76.6	Portal hypertension	mesh:D006975	Hypertension, Portal	cosine=0.600545		1.0	1.0	semapv:LexicalMatching	semapv:LexicalMatching	skos:exactMatch	skos:exactMatch
icd10:Q04.2	Holoprosencephaly	mesh:D016142	Holoprosencephaly	cosine=0.588921		1.0	1.0	semapv:LexicalMatching	semapv:LexicalMatching	skos:exactMatch	skos:exactMatch
icd10:C41.1	Mandible	mesh:D008334	Mandible	cosine=0.579302		1.0	1.0	semapv:LexicalMatching	semapv:LexicalMatching	skos:exactMatch	skos:exactMatch
icd10:C71.1	Frontal lobe	mesh:D005625	Frontal Lobe	cosine=0.575372		1.0	1.0	semapv:LexicalMatching	semapv:LexicalMatching	skos:exactMatch	skos:exactMatch
icd10:D48.6	Breast	mesh:D001940	Breast	cosine=0.545923		1.0	1.0	semapv:LexicalMatching	semapv:LexicalMatching	skos:exactMatch	skos:exactMatch
icd10:K14.6	Glossodynia	mesh:D005926	Glossalgia	cosine=0.959732		1.0	1.0	semapv:LexicalMatching	semapv:LexicalMatching	skos:closeMatch	skos:exactMatch
icd10:F34.0	Cyclothymia	mesh:D003527	Cyclothymic Disorder	cosine=0.955529		1.0	1.0	semapv:LexicalMatching	semapv:LexicalMatching	skos:closeMatch	skos:exactMatch
icd10:Q27.0	Congenital absence and hypoplasia of umbilical artery	mesh:D058529	Single Umbilical Artery	cosine=0.953572		1.0	0.95	semapv:LexicalMatching	semapv:LexicalMatching	skos:closeMatch	skos:exactMatch
icd10:O41.1	Infection of amniotic sac and membranes	mesh:D002821	Chorioamnionitis	cosine=0.952712		1.0	0.95	semapv:LexicalMatching	semapv:LexicalMatching	skos:closeMatch	skos:exactMatch
icd10:Z96.1	Presence of intraocular lens	mesh:D019591	Pseudophakia	cosine=0.941999		1.0	0.95	semapv:LexicalMatching	semapv:LexicalMatching	skos:closeMatch	skos:exactMatch
icd10:K30	Functional dyspepsia	mesh:D004415	Dyspepsia	cosine=0.938837		1.0	0.95	semapv:LexicalMatching	semapv:LexicalMatching	skos:closeMatch	skos:exactMatch
icd10:B35.0	Tinea barbae and tinea capitis	mesh:C000656825	tinea barbae	cosine=0.936195		1.0	0.95	semapv:LexicalMatching	semapv:LexicalMatching	skos:closeMatch	skos:exactMatch
icd10:H31.8	Other specified disorders of choroid	mesh:D020256	Choroidal Neovascularization	cosine=0.932216		1.0	0.95	semapv:LexicalMatching	semapv:LexicalMatching	skos:closeMatch	skos:exactMatch
icd10:I20.8	Other forms of angina pectoris	mesh:D060050	Angina, Stable	cosine=0.927498		1.0	0.95	semapv:LexicalMatching	semapv:LexicalMatching	skos:closeMatch	skos:exactMatch
icd10:N82.3	Fistula of vagina to large intestine	mesh:D012006	Rectovaginal Fistula	cosine=0.926872		1.0	0.95	semapv:LexicalMatching	semapv:LexicalMatching	skos:closeMatch	skos:exactMatch
icd10:A24.4	Melioidosis, unspecified	mesh:D008554	Melioidosis	cosine=0.920887		1.0	0.95	semapv:LexicalMatching	semapv:LexicalMatching	skos:closeMatch	skos:exactMatch
icd10:C96.2	Malignant mast cell tumour	mesh:D012515	Mast-Cell Sarcoma	cosine=0.920125		1.0	0.95	semapv:LexicalMatching	semapv:LexicalMatching	skos:closeMatch	skos:exactMatch
icd10:O04	Medical abortion	mesh:D000032	Abortion, Therapeutic	cosine=0.917174		1.0	0.95	semapv:LexicalMatching	semapv:LexicalMatching	skos:closeMatch	skos:exactMatch
icd10:M00-M25	Arthropathies	mesh:D007592	Joint Diseases	cosine=0.914518		1.0	1.0	semapv:LexicalMatching	semapv:LexicalMatching	skos:closeMatch	skos:exactMatch
icd10:Q78.5	Metaphyseal dysplasia	mesh:C536252	Pyle disease	cosine=0.913860		1.0	1.0	semapv:LexicalMatching	semapv:LexicalMatching	skos:closeMatch	skos:exactMatch
icd10:N48.1	Balanoposthitis	mesh:D001446	Balanitis	cosine=0.912980		1.0	0.95	semapv:LexicalMatching	semapv:LexicalMatching	skos:closeMatch	skos:exactMatch
icd10:P22.0	Respiratory distress syndrome of newborn	mesh:D006819	Hyaline Membrane Disease	cosine=0.912700		1.0	0.95	semapv:LexicalMatching	semapv:LexicalMatching	skos:closeMatch	skos:exactMatch
icd10:B35.2	Tinea manuum	mesh:C000656824	tinea manus	cosine=0.910559		1.0	1.0	semapv:LexicalMatching	semapv:LexicalMatching	skos:closeMatch	skos:exactMatch
icd10:A70	Chlamydia psittaci infection	mesh:D009956	Psittacosis	cosine=0.909941		1.0	0.95	semapv:LexicalMatching	semapv:LexicalMatching	skos:closeMatch	skos:exactMatch
icd10:M20.3	Other deformity of hallux (acquired)	mesh:D050488	Hallux Varus	cosine=0.909157		1.0	0.95	semapv:LexicalMatching	semapv:LexicalMatching	skos:closeMatch	skos:exactMatch
icd10:H81.0	Ménière disease	mesh:D008575	Meniere Disease	cosine=0.904019		1.0	1.0	semapv:LexicalMatching	semapv:LexicalMatching	skos:closeMatch	skos:exactMatch
icd10:T73.0	Effects of hunger	mesh:D013217	Starvation	cosine=0.902379		1.0	0.95	semapv:LexicalMatching	semapv:LexicalMatching	skos:closeMatch	skos:exactMatch
icd10:R63.2	Polyphagia	mesh:D006963	Hyperphagia	cosine=0.902063		1.0	1.0	semapv:LexicalMatching	semapv:LexicalMatching	skos:closeMatch	skos:exactMatch
icd10:I89.0	Lymphoedema, not elsewhere classified	mesh:D008200	Lymphangiectasis	cosine=0.901554		1.0	0.95	semapv:LexicalMatching	semapv:LexicalMatching	skos:closeMatch	skos:exactMatch
icd10:K14.1	Geographic tongue	mesh:D005929	Glossitis, Benign Migratory	cosine=0.899695		1.0	1.0	semapv:LexicalMatching	semapv:LexicalMatching	skos:closeMatch	skos:exactMatch
icd10:J67.2	Bird fancier lung	mesh:D001716	Bird Fancier's Lung	cosine=0.898643		1.0	1.0	semapv:LexicalMatching	semapv:LexicalMatching	skos:closeMatch	skos:exactMatch
icd10:Q84.3	Anonychia	mesh:C536377	Anonychia congenita	cosine=0.897786		1.0	1.0	semapv:LexicalMatching	semapv:LexicalMatching	skos:closeMatch	skos:exactMatch
icd10:Q67.6	Pectus excavatum	mesh:D005660	Funnel Chest	cosine=0.895232		1.0	1.0	semapv:LexicalMatching	semapv:LexicalMatching	skos:closeMatch	skos:exactMatch
icd10:A52	Late syphilis	mesh:C536774	Syphilis, tertiary	cosine=0.893275		1.0	1.0	semapv:LexicalMatching	semapv:LexicalMatching	skos:closeMatch	skos:exactMatch
icd10:Z52.0	Blood donor	mesh:D001782	Blood Donors	cosine=0.889756		1.0	1.0	semapv:LexicalMatching	semapv:LexicalMatching	skos:closeMatch	skos:exactMatch
icd10:B35	Dermatophytosis	mesh:D014005	Tinea	cosine=0.886693		1.0	1.0	semapv:LexicalMatching	semapv:LexicalMatching	skos:closeMatch	skos:exactMatch
icd10:M86.3	Chronic multifocal osteomyelitis	mesh:C535456	Chronic recurrent multifocal osteomyelitis	cosine=0.886652		1.0	1.0	semapv:LexicalMatching	semapv:LexicalMatching	skos:closeMatch	skos:exactMatch
icd10:J60	Coalworker pneumoconiosis	mesh:D055008	Anthracosis	cosine=0.886029		1.0	1.0	semapv:LexicalMatching	semapv:LexicalMatching	skos:closeMatch	skos:exactMatch
icd10:Q78.3	Progressive diaphyseal dysplasia	mesh:D003966	Camurati-Engelmann Syndrome	cosine=0.883163		1.0	1.0	semapv:LexicalMatching	semapv:LexicalMatching	skos:closeMatch	skos:exactMatch
icd10:K01.1	Impacted teeth	mesh:D014095	Tooth, Impacted	cosine=0.883025		1.0	1.0	semapv:LexicalMatching	semapv:LexicalMatching	skos:closeMatch	skos:exactMatch
icd10:D68.0	Von Willebrand disease	mesh:D014842	von Willebrand Diseases	cosine=0.881217		1.0	1.0	semapv:LexicalMatching	semapv:LexicalMatching	skos:closeMatch	skos:exactMatch
icd10:A75-A79	Rickettsioses	mesh:D012282	Rickettsia Infections	cosine=0.878962		1.0	1.0	semapv:LexicalMatching	semapv:LexicalMatching	skos:closeMatch	skos:exactMatch
icd10:M77.1	Lateral epicondylitis	mesh:D013716	Tennis Elbow	cosine=0.878930		1.0	1.0	semapv:LexicalMatching	semapv:LexicalMatching	skos:closeMatch	skos:exactMatch
icd10:K00.1	Supernumerary teeth	mesh:D014096	Tooth, Supernumerary	cosine=0.878488		1.0	1.0	semapv:LexicalMatching	semapv:LexicalMatching	skos:closeMatch	skos:exactMatch
icd10:G80.4	Ataxic cerebral palsy	mesh:C562856	Cerebral Palsy, Ataxic, Autosomal Recessive	cosine=0.877814		1.0	1.0	semapv:LexicalMatching	semapv:LexicalMatching	skos:closeMatch	skos:exactMatch
icd10:B00.0	Eczema herpeticum	mesh:D007617	Kaposi Varicelliform Eruption	cosine=0.875073		1.0	0.95	semapv:LexicalMatching	semapv:LexicalMatching	skos:closeMatch	skos:exactMatch
icd10:G90.6	Complex regional pain syndrome type II	mesh:D002422	Causalgia	cosine=0.871710		1.0	1.0	semapv:LexicalMatching	semapv:LexicalMatching	skos:closeMatch	skos:exactMatch
icd10:K31.4	Gastric diverticulum	mesh:D013273	Diverticulum, Stomach	cosine=0.869815		1.0	1.0	semapv:LexicalMatching	semapv:LexicalMatching	skos:closeMatch	skos:exactMatch
icd10:L75.2	Apocrine miliaria	mesh:D005588	Fox-Fordyce Disease	cosine=0.867396		1.0	1.0	semapv:LexicalMatching	semapv:LexicalMatching	skos:closeMatch	skos:exactMatch
icd10:K03.5	Ankylosis of teeth	mesh:D020254	Tooth Ankylosis	cosine=0.866469		1.0	1.0	semapv:LexicalMatching	semapv:LexicalMatching	skos:closeMatch	skos:exactMatch
icd10:K00.3	Mottled teeth	mesh:D009050	Fluorosis, Dental	cosine=0.866182		1.0	0.95	semapv:LexicalMatching	semapv:LexicalMatching	skos:closeMatch	skos:exactMatch
icd10:H40.0	Glaucoma suspect	mesh:D009798	Ocular Hypertension	cosine=0.866067		1.0	0.95	semapv:LexicalMatching	semapv:LexicalMatching	skos:closeMatch	skos:exactMatch
icd10:B35.1	Tinea unguium	mesh:D014009	Onychomycosis	cosine=0.865137		1.0	1.0	semapv:LexicalMatching	semapv:LexicalMatching	skos:closeMatch	skos:exactMatch
icd10:K56.2	Volvulus	mesh:D045822	Intestinal Volvulus	cosine=0.861831		1.0	1.0	semapv:LexicalMatching	semapv:LexicalMatching	skos:closeMatch	skos:exactMatch
icd10:G62.1	Alcoholic polyneuropathy	mesh:D020269	Alcoholic Neuropathy	cosine=0.861006		1.0	1.0	semapv:LexicalMatching	semapv:LexicalMatching	skos:closeMatch	skos:exactMatch
icd10:F20.1	Hebephrenic schizophrenia	mesh:D012562	Schizophrenia, Disorganized	cosine=0.859661		1.0	1.0	semapv:LexicalMatching	semapv:LexicalMatching	skos:closeMatch	skos:exactMatch
icd10:E28.2	Polycystic ovarian syndrome	mesh:D011085	Polycystic Ovary Syndrome	cosine=0.859127		1.0	1.0	semapv:LexicalMatching	semapv:LexicalMatching	skos:closeMatch	skos:exactMatch
icd10:Q05	Spina bifida	mesh:D016135	Spinal Dysraphism	cosine=0.858372		1.0	1.0	semapv:LexicalMatching	semapv:LexicalMatching	skos:closeMatch	skos:exactMatch
icd10:R40.0	Somnolence	mesh:D000077260	Sleepiness	cosine=0.858032		1.0	1.0	semapv:LexicalMatching	semapv:LexicalMatching	skos:closeMatch	skos:exactMatch
icd10:E34.5	Androgen resistance syndrome	mesh:D013734	Androgen-Insensitivity Syndrome	cosine=0.857926		1.0	1.0	semapv:LexicalMatching	semapv:LexicalMatching	skos:closeMatch	skos:exactMatch
icd10:A06.4	Amoebic liver abscess	mesh:D008101	Liver Abscess, Amebic	cosine=0.857366		1.0	1.0	semapv:LexicalMatching	semapv:LexicalMatching	skos:closeMatch	skos:exactMatch
icd10:B01.1	Varicella encephalitis	mesh:D020804	Encephalitis, Varicella Zoster	cosine=0.855232		1.0	1.0	semapv:LexicalMatching	semapv:LexicalMatching	skos:closeMatch	skos:exactMatch
icd10:F64	Gender identity disorders	mesh:D000068116	Gender Dysphoria	cosine=0.853411		1.0	1.0	semapv:LexicalMatching	semapv:LexicalMatching	skos:closeMatch	skos:exactMatch
icd10:A65	Nonvenereal syphilis	mesh:C538405	Dichuchwa	cosine=0.852057		1.0	1.0	semapv:LexicalMatching	semapv:LexicalMatching	skos:closeMatch	skos:exactMatch
icd10:R95	Sudden infant death syndrome	mesh:D013398	Sudden Infant Death	cosine=0.849770		1.0	1.0	semapv:LexicalMatching	semapv:LexicalMatching	skos:closeMatch	skos:exactMatch
icd10:L12.1	Cicatricial pemphigoid	mesh:D010390	Pemphigoid, Benign Mucous Membrane	cosine=0.848910		1.0	1.0	semapv:LexicalMatching	semapv:LexicalMatching	skos:closeMatch	skos:exactMatch
icd10:R13	Dysphagia	mesh:D003680	Deglutition Disorders	cosine=0.848668		1.0	1.0	semapv:LexicalMatching	semapv:LexicalMatching	skos:closeMatch	skos:exactMatch
icd10:Q80.3	Congenital bullous ichthyosiform erythroderma	mesh:D017488	Hyperkeratosis, Epidermolytic	cosine=0.848285		1.0	1.0	semapv:LexicalMatching	semapv:LexicalMatching	skos:closeMatch	skos:exactMatch
icd10:B65-B83	Helminthiases	mesh:D006373	Helminthiasis	cosine=0.845713		1.0	1.0	semapv:LexicalMatching	semapv:LexicalMatching	skos:closeMatch	skos:exactMatch
icd10:I46	Cardiac arrest	mesh:D006323	Heart Arrest	cosine=0.845499		1.0	1.0	semapv:LexicalMatching	semapv:LexicalMatching	skos:closeMatch	skos:exactMatch
icd10:A28.0	Pasteurellosis	mesh:D010326	Pasteurella Infections	cosine=0.844072		1.0	1.0	semapv:LexicalMatching	semapv:LexicalMatching	skos:closeMatch	skos:exactMatch
icd10:N87	Dysplasia of cervix uteri	mesh:D002578	Uterine Cervical Dysplasia	cosine=0.843241		1.0	1.0	semapv:LexicalMatching	semapv:LexicalMatching	skos:closeMatch	skos:exactMatch
icd10:Q60.0	Renal agenesis, unilateral	mesh:D000075529	Solitary Kidney	cosine=0.842647		1.0	1.0	semapv:LexicalMatching	semapv:LexicalMatching	skos:closeMatch	skos:exactMatch
icd10:O44	Placenta praevia	mesh:D010923	Placenta Previa	cosine=0.840929		1.0	1.0	semapv:LexicalMatching	semapv:LexicalMatching	skos:closeMatch	skos:exactMatch
icd10:J98.2	Interstitial emphysema	mesh:D008478	Mediastinal Emphysema	cosine=0.840794		1.0	0.95	semapv:LexicalMatching	semapv:LexicalMatching	skos:closeMatch	skos:exactMatch
icd10:R50.2	Drug-induced fever	mesh:D000092582	Drug Fever	cosine=0.840521		1.0	1.0	semapv:LexicalMatching	semapv:LexicalMatching	skos:closeMatch	skos:exactMatch
icd10:Q75.0	Craniosynostosis	mesh:D003398	Craniosynostoses	cosine=0.840339		1.0	1.0	semapv:LexicalMatching	semapv:LexicalMatching	skos:closeMatch	skos:exactMatch
icd10:Q21.1	Atrial septal defect	mesh:D006344	Heart Septal Defects, Atrial	cosine=0.838727		1.0	1.0	semapv:LexicalMatching	semapv:LexicalMatching	skos:closeMatch	skos:exactMatch
icd10:Q77.6	Chondroectodermal dysplasia	mesh:D004613	Ellis-Van Creveld Syndrome	cosine=0.833135		1.0	1.0	semapv:LexicalMatching	semapv:LexicalMatching	skos:closeMatch	skos:exactMatch
icd10:M34	Systemic sclerosis	mesh:D012595	Scleroderma, Systemic	cosine=0.829443		1.0	1.0	semapv:LexicalMatching	semapv:LexicalMatching	skos:closeMatch	skos:exactMatch
icd10:A93.1	Sandfly fever	mesh:D010217	Phlebotomus Fever	cosine=0.829417		1.0	1.0	semapv:LexicalMatching	semapv:LexicalMatching	skos:closeMatch	skos:exactMatch
icd10:G21	Secondary parkinsonism	mesh:D010302	Parkinson Disease, Secondary	cosine=0.825687		1.0	1.0	semapv:LexicalMatching	semapv:LexicalMatching	skos:closeMatch	skos:exactMatch
icd10:K25	Gastric ulcer	mesh:D013276	Stomach Ulcer	cosine=0.825666		1.0	1.0	semapv:LexicalMatching	semapv:LexicalMatching	skos:closeMatch	skos:exactMatch
icd10:P29.3	Persistent fetal circulation	mesh:D010547	Persistent Fetal Circulation Syndrome	cosine=0.824400		1.0	1.0	semapv:LexicalMatching	semapv:LexicalMatching	skos:closeMatch	skos:exactMatch
icd10:L40-L45	Papulosquamous disorders	mesh:D017444	Skin Diseases, Papulosquamous	cosine=0.824256		1.0	1.0	semapv:LexicalMatching	semapv:LexicalMatching	skos:closeMatch	skos:exactMatch
icd10:T61.0	Ciguatera fish poisoning	mesh:D036841	Ciguatera Poisoning	cosine=0.823592		1.0	1.0	semapv:LexicalMatching	semapv:LexicalMatching	skos:closeMatch	skos:exactMatch
icd10:L95.0	Livedoid vasculitis	mesh:D000090122	Livedoid Vasculopathy	cosine=0.820743		1.0	1.0	semapv:LexicalMatching	semapv:LexicalMatching	skos:closeMatch	skos:exactMatch
icd10:R48.2	Apraxia	mesh:D001072	Apraxias	cosine=0.820638		1.0	1.0	semapv:LexicalMatching	semapv:LexicalMatching	skos:closeMatch	skos:exactMatch
icd10:Q61	Cystic kidney disease	mesh:D052177	Kidney Diseases, Cystic	cosine=0.819675		1.0	1.0	semapv:LexicalMatching	semapv:LexicalMatching	skos:closeMatch	skos:exactMatch
icd10:K70	Alcoholic liver disease	mesh:D008108	Liver Diseases, Alcoholic	cosine=0.819623		1.0	1.0	semapv:LexicalMatching	semapv:LexicalMatching	skos:closeMatch	skos:exactMatch
icd10:I45.6	Pre-excitation syndrome	mesh:D011226	Pre-Excitation Syndromes	cosine=0.819303		1.0	1.0	semapv:LexicalMatching	semapv:LexicalMatching	skos:closeMatch	skos:exactMatch
icd10:C32.3	Laryngeal cartilage	mesh:D007817	Laryngeal Cartilages	cosine=0.817350		1.0	1.0	semapv:LexicalMatching	semapv:LexicalMatching	skos:closeMatch	skos:exactMatch
icd10:E80.4	Gilbert syndrome	mesh:D005878	Gilbert Disease	cosine=0.817034		1.0	1.0	semapv:LexicalMatching	semapv:LexicalMatching	skos:closeMatch	skos:exactMatch
icd10:C22.0	Liver cell carcinoma	mesh:D006528	Carcinoma, Hepatocellular	cosine=0.816581		1.0	1.0	semapv:LexicalMatching	semapv:LexicalMatching	skos:closeMatch	skos:exactMatch
icd10:D10.2	Floor of mouth	mesh:D009060	Mouth Floor	cosine=0.813312		1.0	1.0	semapv:LexicalMatching	semapv:LexicalMatching	skos:closeMatch	skos:exactMatch
icd10:G71.0	Muscular dystrophy	mesh:D009136	Muscular Dystrophies	cosine=0.812851		1.0	1.0	semapv:LexicalMatching	semapv:LexicalMatching	skos:closeMatch	skos:exactMatch
icd10:H10.0	Mucopurulent conjunctivitis	mesh:D003234	Conjunctivitis, Bacterial	cosine=0.812415		1.0	1.0	semapv:LexicalMatching	semapv:LexicalMatching	skos:closeMatch	skos:exactMatch
icd10:H92.0	Otalgia	mesh:D004433	Earache	cosine=0.812318		1.0	1.0	semapv:LexicalMatching	semapv:LexicalMatching	skos:closeMatch	skos:exactMatch
icd10:E27.1	Primary adrenocortical insufficiency	mesh:D000224	Addison Disease	cosine=0.810192		1.0	1.0	semapv:LexicalMatching	semapv:LexicalMatching	skos:closeMatch	skos:exactMatch
icd10:L12.3	Acquired epidermolysis bullosa	mesh:D016107	Epidermolysis Bullosa Acquisita	cosine=0.809110		1.0	1.0	semapv:LexicalMatching	semapv:LexicalMatching	skos:closeMatch	skos:exactMatch
icd10:A44	Bartonellosis	mesh:D001474	Bartonella Infections	cosine=0.807906		1.0	1.0	semapv:LexicalMatching	semapv:LexicalMatching	skos:closeMatch	skos:exactMatch
icd10:E88.3	Tumour lysis syndrome	mesh:D015275	Tumor Lysis Syndrome	cosine=0.806600		1.0	1.0	semapv:LexicalMatching	semapv:LexicalMatching	skos:closeMatch	skos:exactMatch
icd10:J38.5	Laryngeal spasm	mesh:D007826	Laryngismus	cosine=0.805520		1.0	1.0	semapv:LexicalMatching	semapv:LexicalMatching	skos:closeMatch	skos:exactMatch
icd10:Y58.2	Cholera vaccine	mesh:D022121	Cholera Vaccines	cosine=0.804441		1.0	1.0	semapv:LexicalMatching	semapv:LexicalMatching	skos:closeMatch	skos:exactMatch
icd10:Y50.1	Opioid receptor antagonists	mesh:D009292	Narcotic Antagonists	cosine=0.803358		1.0	1.0	semapv:LexicalMatching	semapv:LexicalMatching	skos:closeMatch	skos:exactMatch
icd10:C76.5	Lower limb	mesh:D035002	Lower Extremity	cosine=0.803025		1.0	1.0	semapv:LexicalMatching	semapv:LexicalMatching	skos:closeMatch	skos:exactMatch
icd10:A17.0	Tuberculous meningitis	mesh:D014390	Tuberculosis, Meningeal	cosine=0.802189		1.0	1.0	semapv:LexicalMatching	semapv:LexicalMatching	skos:closeMatch	skos:exactMatch
icd10:Q74.3	Arthrogryposis multiplex congenita	mesh:D001176	Arthrogryposis	cosine=0.801977		1.0	1.0	semapv:LexicalMatching	semapv:LexicalMatching	skos:closeMatch	skos:exactMatch
icd10:M31.1	Thrombotic microangiopathy	mesh:D057049	Thrombotic Microangiopathies	cosine=0.801233		1.0	1.0	semapv:LexicalMatching	semapv:LexicalMatching	skos:closeMatch	skos:exactMatch
icd10:D10.4	Tonsil	mesh:D014066	Palatine Tonsil	cosine=0.799585		1.0	1.0	semapv:LexicalMatching	semapv:LexicalMatching	skos:closeMatch	skos:exactMatch
icd10:K11.2	Sialoadenitis	mesh:D012793	Sialadenitis	cosine=0.798892		1.0	1.0	semapv:LexicalMatching	semapv:LexicalMatching	skos:closeMatch	skos:exactMatch
icd10:L74.4	Anhidrosis	mesh:D007007	Hypohidrosis	cosine=0.797852		1.0	0.95	semapv:LexicalMatching	semapv:LexicalMatching	skos:closeMatch	skos:exactMatch
icd10:A98.4	Ebola virus disease	mesh:D019142	Hemorrhagic Fever, Ebola	cosine=0.797617		1.0	1.0	semapv:LexicalMatching	semapv:LexicalMatching	skos:closeMatch	skos:exactMatch
icd10:G43	Migraine	mesh:D008881	Migraine Disorders	cosine=0.796830		1.0	1.0	semapv:LexicalMatching	semapv:LexicalMatching	skos:closeMatch	skos:exactMatch
icd10:N85.5	Inversion of uterus	mesh:D019687	Uterine Inversion	cosine=0.796727		1.0	1.0	semapv:LexicalMatching	semapv:LexicalMatching	skos:closeMatch	skos:exactMatch
icd10:A39	Meningococcal infection	mesh:D008589	Meningococcal Infections	cosine=0.792825		1.0	1.0	semapv:LexicalMatching	semapv:LexicalMatching	skos:closeMatch	skos:exactMatch
icd10:A98.0	Crimean-Congo haemorrhagic fever	mesh:D006479	Hemorrhagic Fever, Crimean	cosine=0.791686		1.0	1.0	semapv:LexicalMatching	semapv:LexicalMatching	skos:closeMatch	skos:exactMatch
icd10:J67.0	Farmer lung	mesh:D005203	Farmer's Lung	cosine=0.791501		1.0	1.0	semapv:LexicalMatching	semapv:LexicalMatching	skos:closeMatch	skos:exactMatch
icd10:M42.0	Juvenile osteochondrosis of spine	mesh:D012544	Scheuermann Disease	cosine=0.789543		1.0	1.0	semapv:LexicalMatching	semapv:LexicalMatching	skos:closeMatch	skos:exactMatch
icd10:G21.3	Postencephalitic parkinsonism	mesh:D010301	Parkinson Disease, Postencephalitic	cosine=0.789119		1.0	1.0	semapv:LexicalMatching	semapv:LexicalMatching	skos:closeMatch	skos:exactMatch
icd10:E61.1	Iron deficiency	mesh:D000090463	Iron Deficiencies	cosine=0.788905		1.0	1.0	semapv:LexicalMatching	semapv:LexicalMatching	skos:closeMatch	skos:exactMatch
icd10:Q22.0	Pulmonary valve atresia	mesh:D018633	Pulmonary Atresia	cosine=0.788547		1.0	1.0	semapv:LexicalMatching	semapv:LexicalMatching	skos:closeMatch	skos:exactMatch
icd10:E76.1	Mucopolysaccharidosis, type II	mesh:D016532	Mucopolysaccharidosis II	cosine=0.787747		1.0	0.95	semapv:LexicalMatching	semapv:LexicalMatching	skos:closeMatch	skos:exactMatch
icd10:A83.2	Eastern equine encephalitis	mesh:D020242	Encephalomyelitis, Eastern Equine	cosine=0.786711		1.0	1.0	semapv:LexicalMatching	semapv:LexicalMatching	skos:closeMatch	skos:exactMatch
icd10:H52.0	Hypermetropia	mesh:D006956	Hyperopia	cosine=0.786168		1.0	1.0	semapv:LexicalMatching	semapv:LexicalMatching	skos:closeMatch	skos:exactMatch
icd10:M31.3	Wegener granulomatosis	mesh:D014890	Granulomatosis with Polyangiitis	cosine=0.784971		1.0	1.0	semapv:LexicalMatching	semapv:LexicalMatching	skos:closeMatch	skos:exactMatch
icd10:D69.0	Allergic purpura	mesh:D011695	IgA Vasculitis	cosine=0.783745		1.0	1.0	semapv:LexicalMatching	semapv:LexicalMatching	skos:closeMatch	skos:exactMatch
icd10:M31.0	Hypersensitivity angiitis	mesh:D018366	Vasculitis, Leukocytoclastic, Cutaneous	cosine=0.781879		1.0	1.0	semapv:LexicalMatching	semapv:LexicalMatching	skos:closeMatch	skos:exactMatch
icd10:I42	Cardiomyopathy	mesh:D009202	Cardiomyopathies	cosine=0.781549		1.0	1.0	semapv:LexicalMatching	semapv:LexicalMatching	skos:closeMatch	skos:exactMatch
icd10:B50	Plasmodium falciparum malaria	mesh:D016778	Malaria, Falciparum	cosine=0.781328		1.0	1.0	semapv:LexicalMatching	semapv:LexicalMatching	skos:closeMatch	skos:exactMatch
icd10:L05	Pilonidal cyst	mesh:D010864	Pilonidal Sinus	cosine=0.780941		1.0	1.0	semapv:LexicalMatching	semapv:LexicalMatching	skos:closeMatch	skos:exactMatch
icd10:G54.0	Brachial plexus disorders	mesh:D020516	Brachial Plexus Neuropathies	cosine=0.779384		1.0	1.0	semapv:LexicalMatching	semapv:LexicalMatching	skos:closeMatch	skos:exactMatch
icd10:C76.4	Upper limb	mesh:D034941	Upper Extremity	cosine=0.779057		1.0	1.0	semapv:LexicalMatching	semapv:LexicalMatching	skos:closeMatch	skos:exactMatch
icd10:M06.1	Adult-onset Still disease	mesh:D016706	Still's Disease, Adult-Onset	cosine=0.776111		1.0	1.0	semapv:LexicalMatching	semapv:LexicalMatching	skos:closeMatch	skos:exactMatch
icd10:G51	Facial nerve disorders	mesh:D005155	Facial Nerve Diseases	cosine=0.775499		1.0	1.0	semapv:LexicalMatching	semapv:LexicalMatching	skos:closeMatch	skos:exactMatch
icd10:Q24.3	Pulmonary infundibular stenosis	mesh:D011662	Pulmonary Subvalvular Stenosis	cosine=0.775461		1.0	1.0	semapv:LexicalMatching	semapv:LexicalMatching	skos:closeMatch	skos:exactMatch
icd10:W00-W19	Falls	mesh:D000058	Accidental Falls	cosine=0.774957		1.0	1.0	semapv:LexicalMatching	semapv:LexicalMatching	skos:closeMatch	skos:exactMatch
icd10:Q25.1	Coarctation of aorta	mesh:D001017	Aortic Coarctation	cosine=0.774522		1.0	1.0	semapv:LexicalMatching	semapv:LexicalMatching	skos:closeMatch	skos:exactMatch
icd10:D75.0	Familial erythrocytosis	mesh:C536842	Polycythemia, primary familial and congenital	cosine=0.774266		1.0	1.0	semapv:LexicalMatching	semapv:LexicalMatching	skos:closeMatch	skos:exactMatch
icd10:A92.5	Zika virus disease	mesh:D000071243	Zika Virus Infection	cosine=0.773977		1.0	1.0	semapv:LexicalMatching	semapv:LexicalMatching	skos:closeMatch	skos:exactMatch
icd10:C62.0	Undescended testis	mesh:D003456	Cryptorchidism	cosine=0.773324		1.0	1.0	semapv:LexicalMatching	semapv:LexicalMatching	skos:closeMatch	skos:exactMatch
icd10:A06	Amoebiasis	mesh:D000562	Amebiasis	cosine=0.773245		1.0	1.0	semapv:LexicalMatching	semapv:LexicalMatching	skos:closeMatch	skos:exactMatch
icd10:J86	Pyothorax	mesh:D016724	Empyema, Pleural	cosine=0.772804		1.0	1.0	semapv:LexicalMatching	semapv:LexicalMatching	skos:closeMatch	skos:exactMatch
icd10:C57.0	Fallopian tube	mesh:D005187	Fallopian Tubes	cosine=0.772244		1.0	1.0	semapv:LexicalMatching	semapv:LexicalMatching	skos:closeMatch	skos:exactMatch
icd10:C72.4	Acoustic nerve	mesh:D003056	Cochlear Nerve	cosine=0.765550		1.0	1.0	semapv:LexicalMatching	semapv:LexicalMatching	skos:closeMatch	skos:exactMatch
icd10:A80	Acute poliomyelitis	mesh:D011051	Poliomyelitis	cosine=0.764459		1.0	1.0	semapv:LexicalMatching	semapv:LexicalMatching	skos:closeMatch	skos:exactMatch
icd10:M54.2	Cervicalgia	mesh:D019547	Neck Pain	cosine=0.764408		1.0	1.0	semapv:LexicalMatching	semapv:LexicalMatching	skos:closeMatch	skos:exactMatch
icd10:Q21.0	Ventricular septal defect	mesh:D006345	Heart Septal Defects, Ventricular	cosine=0.759956		1.0	1.0	semapv:LexicalMatching	semapv:LexicalMatching	skos:closeMatch	skos:exactMatch
icd10:Q66.0	Talipes equinovarus	mesh:D003025	Clubfoot	cosine=0.759626		1.0	1.0	semapv:LexicalMatching	semapv:LexicalMatching	skos:closeMatch	skos:exactMatch
icd10:A83.1	Western equine encephalitis	mesh:D020241	Encephalomyelitis, Western Equine	cosine=0.757533		1.0	1.0	semapv:LexicalMatching	semapv:LexicalMatching	skos:closeMatch	skos:exactMatch
icd10:M77.3	Calcaneal spur	mesh:D036982	Heel Spur	cosine=0.755823		1.0	1.0	semapv:LexicalMatching	semapv:LexicalMatching	skos:closeMatch	skos:exactMatch
icd10:J33	Nasal polyp	mesh:D009298	Nasal Polyps	cosine=0.754658		1.0	1.0	semapv:LexicalMatching	semapv:LexicalMatching	skos:closeMatch	skos:exactMatch
icd10:F43.1	Post-traumatic stress disorder	mesh:D013313	Stress Disorders, Post-Traumatic	cosine=0.754275		1.0	1.0	semapv:LexicalMatching	semapv:LexicalMatching	skos:closeMatch	skos:exactMatch
icd10:B51	Plasmodium vivax malaria	mesh:D016780	Malaria, Vivax	cosine=0.754167		1.0	1.0	semapv:LexicalMatching	semapv:LexicalMatching	skos:closeMatch	skos:exactMatch
icd10:F34.1	Dysthymia	mesh:D019263	Dysthymic Disorder	cosine=0.752912		1.0	1.0	semapv:LexicalMatching	semapv:LexicalMatching	skos:closeMatch	skos:exactMatch
icd10:Y58.5	Diphtheria vaccine	mesh:D004168	Diphtheria Toxoid	cosine=0.752214		1.0	1.0	semapv:LexicalMatching	semapv:LexicalMatching	skos:closeMatch	skos:exactMatch
icd10:K11.5	Sialolithiasis	mesh:D015494	Salivary Gland Calculi	cosine=0.752203		1.0	1.0	semapv:LexicalMatching	semapv:LexicalMatching	skos:closeMatch	skos:exactMatch
icd10:A81.0	Creutzfeldt-Jakob disease	mesh:D007562	Creutzfeldt-Jakob Syndrome	cosine=0.751096		1.0	1.0	semapv:LexicalMatching	semapv:LexicalMatching	skos:closeMatch	skos:exactMatch
icd10:M35.2	Behçet disease	mesh:D001528	Behcet Syndrome	cosine=0.750787		1.0	1.0	semapv:LexicalMatching	semapv:LexicalMatching	skos:closeMatch	skos:exactMatch
icd10:I60-I69	Cerebrovascular diseases	mesh:D002561	Cerebrovascular Disorders	cosine=0.747954		1.0	1.0	semapv:LexicalMatching	semapv:LexicalMatching	skos:closeMatch	skos:exactMatch
icd10:G54.5	Neuralgic amyotrophy	mesh:D020968	Brachial Plexus Neuritis	cosine=0.746919		1.0	0.95	semapv:LexicalMatching	semapv:LexicalMatching	skos:closeMatch	skos:exactMatch
icd10:C25.3	Pancreatic duct	mesh:D010183	Pancreatic Ducts	cosine=0.746786		1.0	1.0	semapv:LexicalMatching	semapv:LexicalMatching	skos:closeMatch	skos:exactMatch
icd10:Q84.0	Congenital alopecia	mesh:C535981	Congenital alopecia X-linked	cosine=0.745127		1.0	1.0	semapv:LexicalMatching	semapv:LexicalMatching	skos:closeMatch	skos:exactMatch
icd10:Y44.5	Thrombolytic drugs	mesh:D005343	Fibrinolytic Agents	cosine=0.743519		1.0	1.0	semapv:LexicalMatching	semapv:LexicalMatching	skos:closeMatch	skos:exactMatch
icd10:M34.0	Progressive systemic sclerosis	mesh:D045743	Scleroderma, Diffuse	cosine=0.740880		1.0	1.0	semapv:LexicalMatching	semapv:LexicalMatching	skos:closeMatch	skos:exactMatch
icd10:S06.2	Diffuse brain injury	mesh:D000070625	Brain Injuries, Diffuse	cosine=0.737290		1.0	1.0	semapv:LexicalMatching	semapv:LexicalMatching	skos:closeMatch	skos:exactMatch
icd10:T74.3	Psychological abuse	mesh:D000085202	Emotional Abuse	cosine=0.737035		1.0	1.0	semapv:LexicalMatching	semapv:LexicalMatching	skos:closeMatch	skos:exactMatch
icd10:A59	Trichomoniasis	mesh:D014245	Trichomonas Infections	cosine=0.736839		1.0	1.0	semapv:LexicalMatching	semapv:LexicalMatching	skos:closeMatch	skos:exactMatch
icd10:G44.0	Cluster headache syndrome	mesh:D003027	Cluster Headache	cosine=0.736656		1.0	1.0	semapv:LexicalMatching	semapv:LexicalMatching	skos:closeMatch	skos:exactMatch
icd10:E22.1	Hyperprolactinaemia	mesh:D006966	Hyperprolactinemia	cosine=0.735822		1.0	1.0	semapv:LexicalMatching	semapv:LexicalMatching	skos:closeMatch	skos:exactMatch
icd10:D55-D59	Haemolytic anaemias	mesh:D000743	Anemia, Hemolytic	cosine=0.734845		1.0	1.0	semapv:LexicalMatching	semapv:LexicalMatching	skos:closeMatch	skos:exactMatch
icd10:F91	Conduct disorders	mesh:D019955	Conduct Disorder	cosine=0.730957		1.0	1.0	semapv:LexicalMatching	semapv:LexicalMatching	skos:closeMatch	skos:exactMatch
icd10:I00-I02	Acute rheumatic fever	mesh:D012213	Rheumatic Fever	cosine=0.730766		1.0	1.0	semapv:LexicalMatching	semapv:LexicalMatching	skos:closeMatch	skos:exactMatch
icd10:B04	Monkeypox	mesh:D045908	Mpox, Monkeypox	cosine=0.729859		1.0	1.0	semapv:LexicalMatching	semapv:LexicalMatching	skos:closeMatch	skos:exactMatch
icd10:I05.0	Mitral stenosis	mesh:D008946	Mitral Valve Stenosis	cosine=0.728749		1.0	1.0	semapv:LexicalMatching	semapv:LexicalMatching	skos:closeMatch	skos:exactMatch
icd10:B33.0	Epidemic myalgia	mesh:D011000	Pleurodynia, Epidemic	cosine=0.727944		1.0	1.0	semapv:LexicalMatching	semapv:LexicalMatching	skos:closeMatch	skos:exactMatch
icd10:G73.1	Lambert-Eaton syndrome	mesh:D015624	Lambert-Eaton Myasthenic Syndrome	cosine=0.726952		1.0	1.0	semapv:LexicalMatching	semapv:LexicalMatching	skos:closeMatch	skos:exactMatch
icd10:F70-F79	Mental retardation	mesh:D008607	Intellectual Disability	cosine=0.722028		1.0	1.0	semapv:LexicalMatching	semapv:LexicalMatching	skos:closeMatch	skos:exactMatch
icd10:Z73.0	Burn-out	mesh:D000077062	Burnout, Psychological	cosine=0.721591		1.0	1.0	semapv:LexicalMatching	semapv:LexicalMatching	skos:closeMatch	skos:exactMatch
icd10:T53.4	Dichloromethane	mesh:D008752	Methylene Chloride	cosine=0.718549		1.0	1.0	semapv:LexicalMatching	semapv:LexicalMatching	skos:closeMatch	skos:exactMatch
icd10:Q07.0	Arnold-Chiari syndrome	mesh:D001139	Arnold-Chiari Malformation	cosine=0.718143		1.0	1.0	semapv:LexicalMatching	semapv:LexicalMatching	skos:closeMatch	skos:exactMatch
icd10:Y84.3	Shock therapy	mesh:D003295	Convulsive Therapy	cosine=0.717071		1.0	1.0	semapv:LexicalMatching	semapv:LexicalMatching	skos:closeMatch	skos:exactMatch
icd10:F40.1	Social phobias	mesh:D000072861	Phobia, Social	cosine=0.715978		1.0	1.0	semapv:LexicalMatching	semapv:LexicalMatching	skos:closeMatch	skos:exactMatch
icd10:R45.2	Unhappiness	mesh:D000078602	Sadness	cosine=0.715248		1.0	1.0	semapv:LexicalMatching	semapv:LexicalMatching	skos:closeMatch	skos:exactMatch
icd10:G93.2	Benign intracranial hypertension	mesh:D011559	Pseudotumor Cerebri	cosine=0.710764		1.0	1.0	semapv:LexicalMatching	semapv:LexicalMatching	skos:closeMatch	skos:exactMatch
icd10:G23.0	Hallervorden-Spatz disease	mesh:D006211	Pantothenate Kinase-Associated Neurodegeneration	cosine=0.702246		1.0	1.0	semapv:LexicalMatching	semapv:LexicalMatching	skos:closeMatch	skos:exactMatch
icd10:Q77.1	Thanatophoric short stature	mesh:D013796	Thanatophoric Dysplasia	cosine=0.700839		1.0	1.0	semapv:LexicalMatching	semapv:LexicalMatching	skos:closeMatch	skos:exactMatch
icd10:Q79.0	Congenital diaphragmatic hernia	mesh:D065630	Hernias, Diaphragmatic, Congenital	cosine=0.697827		1.0	1.0	semapv:LexicalMatching	semapv:LexicalMatching	skos:closeMatch	skos:exactMatch
icd10:M67.4	Ganglion	mesh:D045888	Ganglion Cysts	cosine=0.697163		1.0	1.0	semapv:LexicalMatching	semapv:LexicalMatching	skos:closeMatch	skos:exactMatch
icd10:H49.4	Progressive external ophthalmoplegia	mesh:D017246	Ophthalmoplegia, Chronic Progressive External	cosine=0.695706		1.0	1.0	semapv:LexicalMatching	semapv:LexicalMatching	skos:closeMatch	skos:exactMatch
icd10:L91.0	Hypertrophic scar	mesh:D017439	Cicatrix, Hypertrophic	cosine=0.693731		1.0	1.0	semapv:LexicalMatching	semapv:LexicalMatching	skos:closeMatch	skos:exactMatch
icd10:A92.3	West Nile virus infection	mesh:D014901	West Nile Fever	cosine=0.689877		1.0	1.0	semapv:LexicalMatching	semapv:LexicalMatching	skos:closeMatch	skos:exactMatch
icd10:Y59.3	Immunoglobulin	mesh:D007136	Immunoglobulins	cosine=0.682179		1.0	1.0	semapv:LexicalMatching	semapv:LexicalMatching	skos:closeMatch	skos:exactMatch
icd10:G61.0	Guillain-Barré syndrome	mesh:D020275	Guillain-Barre Syndrome	cosine=0.680888		1.0	1.0	semapv:LexicalMatching	semapv:LexicalMatching	skos:closeMatch	skos:exactMatch
icd10:G93.3	Postviral fatigue syndrome	mesh:D015673	Fatigue Syndrome, Chronic	cosine=0.678389		1.0	1.0	semapv:LexicalMatching	semapv:LexicalMatching	skos:closeMatch	skos:exactMatch
icd10:D89.3	Immune reconstitution syndrome	mesh:D054019	Immune Reconstitution Inflammatory Syndrome	cosine=0.676814		1.0	1.0	semapv:LexicalMatching	semapv:LexicalMatching	skos:closeMatch	skos:exactMatch
icd10:C71.5	Cerebral ventricle	mesh:D002552	Cerebral Ventricles	cosine=0.668945		1.0	1.0	semapv:LexicalMatching	semapv:LexicalMatching	skos:closeMatch	skos:exactMatch
icd10:B36.0	Pityriasis versicolor	mesh:D014010	Tinea Versicolor	cosine=0.665133		1.0	1.0	semapv:LexicalMatching	semapv:LexicalMatching	skos:closeMatch	skos:exactMatch
icd10:L75.0	Bromhidrosis	mesh:D000089083	Body Odor	cosine=0.663610		1.0	1.0	semapv:LexicalMatching	semapv:LexicalMatching	skos:closeMatch	skos:exactMatch
icd10:R56.0	Febrile convulsions	mesh:D003294	Seizures, Febrile	cosine=0.663539		1.0	1.0	semapv:LexicalMatching	semapv:LexicalMatching	skos:closeMatch	skos:exactMatch
icd10:M91.2	Coxa plana	mesh:D007873	Legg-Calve-Perthes Disease	cosine=0.660716		1.0	1.0	semapv:LexicalMatching	semapv:LexicalMatching	skos:closeMatch	skos:exactMatch
icd10:I24.1	Dressler syndrome	mesh:C538618	Donath-Landsteiner hemolytic anemia	cosine=0.657870		1.0	1.0	semapv:LexicalMatching	semapv:LexicalMatching	skos:closeMatch	skos:exactMatch
icd10:R29.1	Meningismus	mesh:D008580	Meningism	cosine=0.650413		1.0	1.0	semapv:LexicalMatching	semapv:LexicalMatching	skos:closeMatch	skos:exactMatch
icd10:E75.4	Neuronal ceroid lipofuscinosis	mesh:D009472	Neuronal Ceroid-Lipofuscinoses	cosine=0.641099		1.0	1.0	semapv:LexicalMatching	semapv:LexicalMatching	skos:closeMatch	skos:exactMatch
icd10:B48.5	Pneumocystosis	mesh:D011020	Pneumonia, Pneumocystis	cosine=0.624032		1.0	1.0	semapv:LexicalMatching	semapv:LexicalMatching	skos:closeMatch	skos:exactMatch
icd10:O26.4	Herpes gestationis	mesh:D006559	Pemphigoid Gestationis	cosine=0.616906		1.0	1.0	semapv:LexicalMatching	semapv:LexicalMatching	skos:closeMatch	skos:exactMatch
icd10:Q66.7	Pes cavus	mesh:D000070589	Talipes Cavus	cosine=0.615231		1.0	1.0	semapv:LexicalMatching	semapv:LexicalMatching	skos:closeMatch	skos:exactMatch
icd10:L65.2	Alopecia mucinosa	mesh:D000507	Mucinosis, Follicular	cosine=0.613069		1.0	1.0	semapv:LexicalMatching	semapv:LexicalMatching	skos:closeMatch	skos:exactMatch
icd10:C57.2	Round ligament	mesh:D000069590	Round Ligaments	cosine=0.608578		1.0	1.0	semapv:LexicalMatching	semapv:LexicalMatching	skos:closeMatch	skos:exactMatch
icd10:G51.2	Melkersson syndrome	mesh:D008556	Melkersson-Rosenthal Syndrome	cosine=0.581034		1.0	1.0	semapv:LexicalMatching	semapv:LexicalMatching	skos:closeMatch	skos:exactMatch
icd10:N10	Acute tubulo-interstitial nephritis	mesh:C564356	Acute Tubulointerstitial Nephritis			0.97639	1.0	semapv:SemanticSimilarity	semapv:LexicalMatching	skos:closeMatch	skos:exactMatch
