subject_id	subject_label	predicate_id	object_id	object_label	mapping_justification	subject_source_version	object_source_version	mapping_tool	mapping_tool_id	mapping_tool_version	mapping_date	confidence
icd10:Q52.3	Imperforate hymen	skos:exactMatch	mesh:C562397	Hymen, Imperforate	semapv:LexicalMatching	2019	2025	https://github.com/gyorilab/mapnet/blob/main/scripts/generate_leonmap_mesh_icd10_mapping.py	leonmap	0.1.0	2026-07-31	1.0
icd10:G80.1	Spastic diplegic cerebral palsy	skos:exactMatch	mesh:C537945	Cerebral palsy, spastic, diplegic	semapv:LexicalMatching	2019	2025	https://github.com/gyorilab/mapnet/blob/main/scripts/generate_leonmap_mesh_icd10_mapping.py	leonmap	0.1.0	2026-07-31	1.0
icd10:C18.6	Descending colon	skos:exactMatch	mesh:D044683	Colon, Descending	semapv:LexicalMatching	2019	2025	https://github.com/gyorilab/mapnet/blob/main/scripts/generate_leonmap_mesh_icd10_mapping.py	leonmap	0.1.0	2026-07-31	1.0
icd10:D12.5	Sigmoid colon	skos:exactMatch	mesh:D012809	Colon, Sigmoid	semapv:LexicalMatching	2019	2025	https://github.com/gyorilab/mapnet/blob/main/scripts/generate_leonmap_mesh_icd10_mapping.py	leonmap	0.1.0	2026-07-31	1.0
icd10:T45.5	Anticoagulants	skos:exactMatch	mesh:D000925	Anticoagulants	semapv:LexicalMatching	2019	2025	https://github.com/gyorilab/mapnet/blob/main/scripts/generate_leonmap_mesh_icd10_mapping.py	leonmap	0.1.0	2026-07-31	1.0
icd10:T36.4	Tetracyclines	skos:exactMatch	mesh:D013754	Tetracyclines	semapv:LexicalMatching	2019	2025	https://github.com/gyorilab/mapnet/blob/main/scripts/generate_leonmap_mesh_icd10_mapping.py	leonmap	0.1.0	2026-07-31	1.0
icd10:T42.4	Benzodiazepines	skos:exactMatch	mesh:D001569	Benzodiazepines	semapv:LexicalMatching	2019	2025	https://github.com/gyorilab/mapnet/blob/main/scripts/generate_leonmap_mesh_icd10_mapping.py	leonmap	0.1.0	2026-07-31	1.0
icd10:D57.3	Sickle-cell trait	skos:exactMatch	mesh:D012805	Sickle Cell Trait	semapv:LexicalMatching	2019	2025	https://github.com/gyorilab/mapnet/blob/main/scripts/generate_leonmap_mesh_icd10_mapping.py	leonmap	0.1.0	2026-07-31	1.0
icd10:M85.0	Fibrous dysplasia (monostotic)	skos:exactMatch	mesh:D005358	Fibrous Dysplasia, Monostotic	semapv:LexicalMatching	2019	2025	https://github.com/gyorilab/mapnet/blob/main/scripts/generate_leonmap_mesh_icd10_mapping.py	leonmap	0.1.0	2026-07-31	1.0
icd10:E73.0	Congenital lactase deficiency	skos:exactMatch	mesh:C562600	Lactase Deficiency, Congenital	semapv:LexicalMatching	2019	2025	https://github.com/gyorilab/mapnet/blob/main/scripts/generate_leonmap_mesh_icd10_mapping.py	leonmap	0.1.0	2026-07-31	1.0
icd10:K42	Umbilical hernia	skos:exactMatch	mesh:D006554	Hernia, Umbilical	semapv:LexicalMatching	2019	2025	https://github.com/gyorilab/mapnet/blob/main/scripts/generate_leonmap_mesh_icd10_mapping.py	leonmap	0.1.0	2026-07-31	1.0
icd10:D12.3	Transverse colon	skos:exactMatch	mesh:D044684	Colon, Transverse	semapv:LexicalMatching	2019	2025	https://github.com/gyorilab/mapnet/blob/main/scripts/generate_leonmap_mesh_icd10_mapping.py	leonmap	0.1.0	2026-07-31	1.0
icd10:D37.5	Rectum	skos:exactMatch	mesh:D012007	Rectum	semapv:LexicalMatching	2019	2025	https://github.com/gyorilab/mapnet/blob/main/scripts/generate_leonmap_mesh_icd10_mapping.py	leonmap	0.1.0	2026-07-31	1.0
icd10:D28.0	Vulva	skos:exactMatch	mesh:D014844	Vulva	semapv:LexicalMatching	2019	2025	https://github.com/gyorilab/mapnet/blob/main/scripts/generate_leonmap_mesh_icd10_mapping.py	leonmap	0.1.0	2026-07-31	1.0
icd10:C17.3	Meckel diverticulum	skos:exactMatch	mesh:D008467	Meckel Diverticulum	semapv:LexicalMatching	2019	2025	https://github.com/gyorilab/mapnet/blob/main/scripts/generate_leonmap_mesh_icd10_mapping.py	leonmap	0.1.0	2026-07-31	1.0
icd10:D02.1	Trachea	skos:exactMatch	mesh:D014132	Trachea	semapv:LexicalMatching	2019	2025	https://github.com/gyorilab/mapnet/blob/main/scripts/generate_leonmap_mesh_icd10_mapping.py	leonmap	0.1.0	2026-07-31	1.0
icd10:T39.0	Salicylates	skos:exactMatch	mesh:D012459	Salicylates	semapv:LexicalMatching	2019	2025	https://github.com/gyorilab/mapnet/blob/main/scripts/generate_leonmap_mesh_icd10_mapping.py	leonmap	0.1.0	2026-07-31	1.0
icd10:D13.5	Extrahepatic bile ducts	skos:exactMatch	mesh:D017734	Bile Ducts, Extrahepatic	semapv:LexicalMatching	2019	2025	https://github.com/gyorilab/mapnet/blob/main/scripts/generate_leonmap_mesh_icd10_mapping.py	leonmap	0.1.0	2026-07-31	1.0
icd10:I34.1	Mitral (valve) prolapse	skos:exactMatch	mesh:D008945	Mitral Valve Prolapse	semapv:LexicalMatching	2019	2025	https://github.com/gyorilab/mapnet/blob/main/scripts/generate_leonmap_mesh_icd10_mapping.py	leonmap	0.1.0	2026-07-31	1.0
icd10:M12.2	Villonodular synovitis (pigmented)	skos:exactMatch	mesh:D013586	Synovitis, Pigmented Villonodular	semapv:LexicalMatching	2019	2025	https://github.com/gyorilab/mapnet/blob/main/scripts/generate_leonmap_mesh_icd10_mapping.py	leonmap	0.1.0	2026-07-31	1.0
icd10:D30.2	Ureter	skos:exactMatch	mesh:D014513	Ureter	semapv:LexicalMatching	2019	2025	https://github.com/gyorilab/mapnet/blob/main/scripts/generate_leonmap_mesh_icd10_mapping.py	leonmap	0.1.0	2026-07-31	1.0
icd10:C63.2	Scrotum	skos:exactMatch	mesh:D012611	Scrotum	semapv:LexicalMatching	2019	2025	https://github.com/gyorilab/mapnet/blob/main/scripts/generate_leonmap_mesh_icd10_mapping.py	leonmap	0.1.0	2026-07-31	1.0
icd10:T36.6	Rifamycins	skos:exactMatch	mesh:D012294	Rifamycins	semapv:LexicalMatching	2019	2025	https://github.com/gyorilab/mapnet/blob/main/scripts/generate_leonmap_mesh_icd10_mapping.py	leonmap	0.1.0	2026-07-31	1.0
icd10:C75.4	Carotid body	skos:exactMatch	mesh:D002344	Carotid Body	semapv:LexicalMatching	2019	2025	https://github.com/gyorilab/mapnet/blob/main/scripts/generate_leonmap_mesh_icd10_mapping.py	leonmap	0.1.0	2026-07-31	1.0
icd10:C17.0	Duodenum	skos:exactMatch	mesh:D004386	Duodenum	semapv:LexicalMatching	2019	2025	https://github.com/gyorilab/mapnet/blob/main/scripts/generate_leonmap_mesh_icd10_mapping.py	leonmap	0.1.0	2026-07-31	1.0
icd10:D15.1	Heart	skos:exactMatch	mesh:D006321	Heart	semapv:LexicalMatching	2019	2025	https://github.com/gyorilab/mapnet/blob/main/scripts/generate_leonmap_mesh_icd10_mapping.py	leonmap	0.1.0	2026-07-31	1.0
icd10:C75.3	Pineal gland	skos:exactMatch	mesh:D010870	Pineal Gland	semapv:LexicalMatching	2019	2025	https://github.com/gyorilab/mapnet/blob/main/scripts/generate_leonmap_mesh_icd10_mapping.py	leonmap	0.1.0	2026-07-31	1.0
icd10:T46.1	Calcium-channel blockers	skos:exactMatch	mesh:D002121	Calcium Channel Blockers	semapv:LexicalMatching	2019	2025	https://github.com/gyorilab/mapnet/blob/main/scripts/generate_leonmap_mesh_icd10_mapping.py	leonmap	0.1.0	2026-07-31	1.0
icd10:D15.2	Mediastinum	skos:exactMatch	mesh:D008482	Mediastinum	semapv:LexicalMatching	2019	2025	https://github.com/gyorilab/mapnet/blob/main/scripts/generate_leonmap_mesh_icd10_mapping.py	leonmap	0.1.0	2026-07-31	1.0
icd10:T37.0	Sulfonamides	skos:exactMatch	mesh:D013449	Sulfonamides	semapv:LexicalMatching	2019	2025	https://github.com/gyorilab/mapnet/blob/main/scripts/generate_leonmap_mesh_icd10_mapping.py	leonmap	0.1.0	2026-07-31	1.0
icd10:D29.2	Testis	skos:exactMatch	mesh:D013737	Testis	semapv:LexicalMatching	2019	2025	https://github.com/gyorilab/mapnet/blob/main/scripts/generate_leonmap_mesh_icd10_mapping.py	leonmap	0.1.0	2026-07-31	1.0
icd10:D28.1	Vagina	skos:exactMatch	mesh:D014621	Vagina	semapv:LexicalMatching	2019	2025	https://github.com/gyorilab/mapnet/blob/main/scripts/generate_leonmap_mesh_icd10_mapping.py	leonmap	0.1.0	2026-07-31	1.0
icd10:H40-H42	Glaucoma	skos:exactMatch	mesh:D005901	Glaucoma	semapv:LexicalMatching	2019	2025	https://github.com/gyorilab/mapnet/blob/main/scripts/generate_leonmap_mesh_icd10_mapping.py	leonmap	0.1.0	2026-07-31	1.0
icd10:T49.1	Antipruritics	skos:exactMatch	mesh:D000982	Antipruritics	semapv:LexicalMatching	2019	2025	https://github.com/gyorilab/mapnet/blob/main/scripts/generate_leonmap_mesh_icd10_mapping.py	leonmap	0.1.0	2026-07-31	1.0
icd10:C63.0	Epididymis	skos:exactMatch	mesh:D004822	Epididymis	semapv:LexicalMatching	2019	2025	https://github.com/gyorilab/mapnet/blob/main/scripts/generate_leonmap_mesh_icd10_mapping.py	leonmap	0.1.0	2026-07-31	1.0
icd10:C38.4	Pleura	skos:exactMatch	mesh:D010994	Pleura	semapv:LexicalMatching	2019	2025	https://github.com/gyorilab/mapnet/blob/main/scripts/generate_leonmap_mesh_icd10_mapping.py	leonmap	0.1.0	2026-07-31	1.0
icd10:D58.0	Hereditary spherocytosis	skos:exactMatch	mesh:D013103	Spherocytosis, Hereditary	semapv:LexicalMatching	2019	2025	https://github.com/gyorilab/mapnet/blob/main/scripts/generate_leonmap_mesh_icd10_mapping.py	leonmap	0.1.0	2026-07-31	1.0
icd10:D20.1	Peritoneum	skos:exactMatch	mesh:D010537	Peritoneum	semapv:LexicalMatching	2019	2025	https://github.com/gyorilab/mapnet/blob/main/scripts/generate_leonmap_mesh_icd10_mapping.py	leonmap	0.1.0	2026-07-31	1.0
icd10:T36.0	Penicillins	skos:exactMatch	mesh:D010406	Penicillins	semapv:LexicalMatching	2019	2025	https://github.com/gyorilab/mapnet/blob/main/scripts/generate_leonmap_mesh_icd10_mapping.py	leonmap	0.1.0	2026-07-31	1.0
icd10:D30.0	Kidney	skos:exactMatch	mesh:D007668	Kidney	semapv:LexicalMatching	2019	2025	https://github.com/gyorilab/mapnet/blob/main/scripts/generate_leonmap_mesh_icd10_mapping.py	leonmap	0.1.0	2026-07-31	1.0
icd10:C69.0	Conjunctiva	skos:exactMatch	mesh:D003228	Conjunctiva	semapv:LexicalMatching	2019	2025	https://github.com/gyorilab/mapnet/blob/main/scripts/generate_leonmap_mesh_icd10_mapping.py	leonmap	0.1.0	2026-07-31	1.0
icd10:I35.1	Aortic (valve) insufficiency	skos:exactMatch	mesh:D001022	Aortic Valve Insufficiency	semapv:LexicalMatching	2019	2025	https://github.com/gyorilab/mapnet/blob/main/scripts/generate_leonmap_mesh_icd10_mapping.py	leonmap	0.1.0	2026-07-31	1.0
icd10:G21.0	Malignant neuroleptic syndrome	skos:exactMatch	mesh:D009459	Neuroleptic Malignant Syndrome	semapv:LexicalMatching	2019	2025	https://github.com/gyorilab/mapnet/blob/main/scripts/generate_leonmap_mesh_icd10_mapping.py	leonmap	0.1.0	2026-07-31	1.0
icd10:C54.1	Endometrium	skos:exactMatch	mesh:D004717	Endometrium	semapv:LexicalMatching	2019	2025	https://github.com/gyorilab/mapnet/blob/main/scripts/generate_leonmap_mesh_icd10_mapping.py	leonmap	0.1.0	2026-07-31	1.0
icd10:C69.4	Ciliary body	skos:exactMatch	mesh:D002924	Ciliary Body	semapv:LexicalMatching	2019	2025	https://github.com/gyorilab/mapnet/blob/main/scripts/generate_leonmap_mesh_icd10_mapping.py	leonmap	0.1.0	2026-07-31	1.0
icd10:C69.1	Cornea	skos:exactMatch	mesh:D003315	Cornea	semapv:LexicalMatching	2019	2025	https://github.com/gyorilab/mapnet/blob/main/scripts/generate_leonmap_mesh_icd10_mapping.py	leonmap	0.1.0	2026-07-31	1.0
icd10:I34.0	Mitral (valve) insufficiency	skos:exactMatch	mesh:D008944	Mitral Valve Insufficiency	semapv:LexicalMatching	2019	2025	https://github.com/gyorilab/mapnet/blob/main/scripts/generate_leonmap_mesh_icd10_mapping.py	leonmap	0.1.0	2026-07-31	1.0
icd10:D43.3	Cranial nerves	skos:exactMatch	mesh:D003391	Cranial Nerves	semapv:LexicalMatching	2019	2025	https://github.com/gyorilab/mapnet/blob/main/scripts/generate_leonmap_mesh_icd10_mapping.py	leonmap	0.1.0	2026-07-31	1.0
icd10:T36.3	Macrolides	skos:exactMatch	mesh:D018942	Macrolides	semapv:LexicalMatching	2019	2025	https://github.com/gyorilab/mapnet/blob/main/scripts/generate_leonmap_mesh_icd10_mapping.py	leonmap	0.1.0	2026-07-31	1.0
icd10:Q04.5	Megalencephaly	skos:exactMatch	mesh:D058627	Megalencephaly	semapv:LexicalMatching	2019	2025	https://github.com/gyorilab/mapnet/blob/main/scripts/generate_leonmap_mesh_icd10_mapping.py	leonmap	0.1.0	2026-07-31	1.0
icd10:T38.4	Oral contraceptives	skos:exactMatch	mesh:D003276	Contraceptives, Oral	semapv:LexicalMatching	2019	2025	https://github.com/gyorilab/mapnet/blob/main/scripts/generate_leonmap_mesh_icd10_mapping.py	leonmap	0.1.0	2026-07-31	1.0
icd10:I35.0	Aortic (valve) stenosis	skos:exactMatch	mesh:D001024	Aortic Valve Stenosis	semapv:LexicalMatching	2019	2025	https://github.com/gyorilab/mapnet/blob/main/scripts/generate_leonmap_mesh_icd10_mapping.py	leonmap	0.1.0	2026-07-31	1.0
icd10:C18.1	Appendix	skos:exactMatch	mesh:D001065	Appendix	semapv:LexicalMatching	2019	2025	https://github.com/gyorilab/mapnet/blob/main/scripts/generate_leonmap_mesh_icd10_mapping.py	leonmap	0.1.0	2026-07-31	1.0
icd10:T36.5	Aminoglycosides	skos:exactMatch	mesh:D000617	Aminoglycosides	semapv:LexicalMatching	2019	2025	https://github.com/gyorilab/mapnet/blob/main/scripts/generate_leonmap_mesh_icd10_mapping.py	leonmap	0.1.0	2026-07-31	1.0
icd10:T46.4	Angiotensin-converting-enzyme inhibitors	skos:exactMatch	mesh:D000806	Angiotensin-Converting Enzyme Inhibitors	semapv:LexicalMatching	2019	2025	https://github.com/gyorilab/mapnet/blob/main/scripts/generate_leonmap_mesh_icd10_mapping.py	leonmap	0.1.0	2026-07-31	1.0
icd10:D00.2	Stomach	skos:exactMatch	mesh:D013270	Stomach	semapv:LexicalMatching	2019	2025	https://github.com/gyorilab/mapnet/blob/main/scripts/generate_leonmap_mesh_icd10_mapping.py	leonmap	0.1.0	2026-07-31	1.0
icd10:G91.2	Normal-pressure hydrocephalus	skos:exactMatch	mesh:D006850	Hydrocephalus, Normal Pressure	semapv:LexicalMatching	2019	2025	https://github.com/gyorilab/mapnet/blob/main/scripts/generate_leonmap_mesh_icd10_mapping.py	leonmap	0.1.0	2026-07-31	1.0
icd10:C69.3	Choroid	skos:exactMatch	mesh:D002829	Choroid	semapv:LexicalMatching	2019	2025	https://github.com/gyorilab/mapnet/blob/main/scripts/generate_leonmap_mesh_icd10_mapping.py	leonmap	0.1.0	2026-07-31	1.0
icd10:C69.2	Retina	skos:exactMatch	mesh:D012160	Retina	semapv:LexicalMatching	2019	2025	https://github.com/gyorilab/mapnet/blob/main/scripts/generate_leonmap_mesh_icd10_mapping.py	leonmap	0.1.0	2026-07-31	1.0
icd10:T47.7	Emetics	skos:exactMatch	mesh:D004639	Emetics	semapv:LexicalMatching	2019	2025	https://github.com/gyorilab/mapnet/blob/main/scripts/generate_leonmap_mesh_icd10_mapping.py	leonmap	0.1.0	2026-07-31	1.0
icd10:D29.0	Penis	skos:exactMatch	mesh:D010413	Penis	semapv:LexicalMatching	2019	2025	https://github.com/gyorilab/mapnet/blob/main/scripts/generate_leonmap_mesh_icd10_mapping.py	leonmap	0.1.0	2026-07-31	1.0
icd10:C18.2	Ascending colon	skos:exactMatch	mesh:D044682	Colon, Ascending	semapv:LexicalMatching	2019	2025	https://github.com/gyorilab/mapnet/blob/main/scripts/generate_leonmap_mesh_icd10_mapping.py	leonmap	0.1.0	2026-07-31	1.0
icd10:C68.0	Urethra	skos:exactMatch	mesh:D014521	Urethra	semapv:LexicalMatching	2019	2025	https://github.com/gyorilab/mapnet/blob/main/scripts/generate_leonmap_mesh_icd10_mapping.py	leonmap	0.1.0	2026-07-31	1.0
icd10:Q80.1	X-linked ichthyosis	skos:exactMatch	mesh:D016114	Ichthyosis, X-Linked	semapv:LexicalMatching	2019	2025	https://github.com/gyorilab/mapnet/blob/main/scripts/generate_leonmap_mesh_icd10_mapping.py	leonmap	0.1.0	2026-07-31	1.0
icd10:D02.0	Larynx	skos:exactMatch	mesh:D007830	Larynx	semapv:LexicalMatching	2019	2025	https://github.com/gyorilab/mapnet/blob/main/scripts/generate_leonmap_mesh_icd10_mapping.py	leonmap	0.1.0	2026-07-31	1.0
icd10:L40.4	Guttate psoriasis	skos:exactMatch	mesh:D000098650	Guttate Psoriasis	semapv:LexicalMatching	2019	2025	https://github.com/gyorilab/mapnet/blob/main/scripts/generate_leonmap_mesh_icd10_mapping.py	leonmap	0.1.0	2026-07-31	1.0
icd10:E71.0	Maple-syrup-urine disease	skos:exactMatch	mesh:D008375	Maple Syrup Urine Disease	semapv:LexicalMatching	2019	2025	https://github.com/gyorilab/mapnet/blob/main/scripts/generate_leonmap_mesh_icd10_mapping.py	leonmap	0.1.0	2026-07-31	1.0
icd10:D07.5	Prostate	skos:exactMatch	mesh:D011467	Prostate	semapv:LexicalMatching	2019	2025	https://github.com/gyorilab/mapnet/blob/main/scripts/generate_leonmap_mesh_icd10_mapping.py	leonmap	0.1.0	2026-07-31	1.0
icd10:C72.0	Spinal cord	skos:exactMatch	mesh:D013116	Spinal Cord	semapv:LexicalMatching	2019	2025	https://github.com/gyorilab/mapnet/blob/main/scripts/generate_leonmap_mesh_icd10_mapping.py	leonmap	0.1.0	2026-07-31	1.0
icd10:T48.4	Expectorants	skos:exactMatch	mesh:D005100	Expectorants	semapv:LexicalMatching	2019	2025	https://github.com/gyorilab/mapnet/blob/main/scripts/generate_leonmap_mesh_icd10_mapping.py	leonmap	0.1.0	2026-07-31	1.0
icd10:Y54.2	Carbonic-anhydrase inhibitors	skos:exactMatch	mesh:D002257	Carbonic Anhydrase Inhibitors	semapv:LexicalMatching	2019	2025	https://github.com/gyorilab/mapnet/blob/main/scripts/generate_leonmap_mesh_icd10_mapping.py	leonmap	0.1.0	2026-07-31	1.0
icd10:C75.1	Pituitary gland	skos:exactMatch	mesh:D010902	Pituitary Gland	semapv:LexicalMatching	2019	2025	https://github.com/gyorilab/mapnet/blob/main/scripts/generate_leonmap_mesh_icd10_mapping.py	leonmap	0.1.0	2026-07-31	1.0
icd10:C86.2	Enteropathy-type (intestinal) T-cell lymphoma	skos:closeMatch	mesh:D058527	Enteropathy-Associated T-Cell Lymphoma	semapv:LexicalMatching	2019	2025	https://github.com/gyorilab/mapnet/blob/main/scripts/generate_leonmap_mesh_icd10_mapping.py	leonmap	0.1.0	2026-07-31	1.0
icd10:F00.0	Dementia in Alzheimer disease with early onset	skos:closeMatch	mesh:C536595	Alzheimer disease type 2	semapv:LexicalMatching	2019	2025	https://github.com/gyorilab/mapnet/blob/main/scripts/generate_leonmap_mesh_icd10_mapping.py	leonmap	0.1.0	2026-07-31	1.0
icd10:M61.1	Myositis ossificans progressiva	skos:closeMatch	mesh:D009221	Myositis Ossificans	semapv:LexicalMatching	2019	2025	https://github.com/gyorilab/mapnet/blob/main/scripts/generate_leonmap_mesh_icd10_mapping.py	leonmap	0.1.0	2026-07-31	1.0
icd10:Y58.4	Tetanus vaccine	skos:closeMatch	mesh:D013745	Tetanus Toxoid	semapv:LexicalMatching	2019	2025	https://github.com/gyorilab/mapnet/blob/main/scripts/generate_leonmap_mesh_icd10_mapping.py	leonmap	0.1.0	2026-07-31	1.0
icd10:F00.1	Dementia in Alzheimer disease with late onset	skos:closeMatch	mesh:C536594	Alzheimer disease type 1	semapv:LexicalMatching	2019	2025	https://github.com/gyorilab/mapnet/blob/main/scripts/generate_leonmap_mesh_icd10_mapping.py	leonmap	0.1.0	2026-07-31	1.0
icd10:E25.0	Congenital adrenogenital disorders associated with enzyme deficiency	skos:closeMatch	mesh:D000312	Adrenal Hyperplasia, Congenital	semapv:LexicalMatching	2019	2025	https://github.com/gyorilab/mapnet/blob/main/scripts/generate_leonmap_mesh_icd10_mapping.py	leonmap	0.1.0	2026-07-31	1.0
icd10:Y43.3	Other antineoplastic drugs	skos:closeMatch	mesh:D000903	Antibiotics, Antineoplastic	semapv:LexicalMatching	2019	2025	https://github.com/gyorilab/mapnet/blob/main/scripts/generate_leonmap_mesh_icd10_mapping.py	leonmap	0.1.0	2026-07-31	1.0
icd10:C86.6	Primary cutaneous CD30-positive T-cell proliferations	skos:closeMatch	mesh:D054446	Lymphoma, Primary Cutaneous Anaplastic Large Cell	semapv:LexicalMatching	2019	2025	https://github.com/gyorilab/mapnet/blob/main/scripts/generate_leonmap_mesh_icd10_mapping.py	leonmap	0.1.0	2026-07-31	1.0
icd10:E72.1	Disorders of sulfur-bearing amino-acid metabolism	skos:closeMatch	mesh:C538141	Sulfite oxidase deficiency	semapv:LexicalMatching	2019	2025	https://github.com/gyorilab/mapnet/blob/main/scripts/generate_leonmap_mesh_icd10_mapping.py	leonmap	0.1.0	2026-07-31	1.0
icd10:T70.2	Other and unspecified effects of high altitude	skos:closeMatch	mesh:D000532	Altitude Sickness	semapv:LexicalMatching	2019	2025	https://github.com/gyorilab/mapnet/blob/main/scripts/generate_leonmap_mesh_icd10_mapping.py	leonmap	0.1.0	2026-07-31	1.0
icd10:G24.1	Idiopathic familial dystonia	skos:closeMatch	mesh:D020821	Dystonic Disorders	semapv:LexicalMatching	2019	2025	https://github.com/gyorilab/mapnet/blob/main/scripts/generate_leonmap_mesh_icd10_mapping.py	leonmap	0.1.0	2026-07-31	1.0
icd10:K12.0	Recurrent oral aphthae	skos:closeMatch	mesh:C538145	Sutton disease 2	semapv:LexicalMatching	2019	2025	https://github.com/gyorilab/mapnet/blob/main/scripts/generate_leonmap_mesh_icd10_mapping.py	leonmap	0.1.0	2026-07-31	1.0
icd10:L93.1	Subacute cutaneous lupus erythematosus	skos:closeMatch	mesh:D008178	Lupus Erythematosus, Cutaneous	semapv:LexicalMatching	2019	2025	https://github.com/gyorilab/mapnet/blob/main/scripts/generate_leonmap_mesh_icd10_mapping.py	leonmap	0.1.0	2026-07-31	1.0
icd10:C41.2	Vertebral column	skos:closeMatch	mesh:D013131	Spine	semapv:LexicalMatching	2019	2025	https://github.com/gyorilab/mapnet/blob/main/scripts/generate_leonmap_mesh_icd10_mapping.py	leonmap	0.1.0	2026-07-31	1.0
icd10:P94.0	Transient neonatal myasthenia gravis	skos:closeMatch	mesh:D020941	Myasthenia Gravis, Neonatal	semapv:LexicalMatching	2019	2025	https://github.com/gyorilab/mapnet/blob/main/scripts/generate_leonmap_mesh_icd10_mapping.py	leonmap	0.1.0	2026-07-31	1.0
icd10:K74.3	Primary biliary cirrhosis	skos:closeMatch	mesh:D008105	Liver Cirrhosis, Biliary	semapv:LexicalMatching	2019	2025	https://github.com/gyorilab/mapnet/blob/main/scripts/generate_leonmap_mesh_icd10_mapping.py	leonmap	0.1.0	2026-07-31	1.0
icd10:M94.2	Chondromalacia	skos:closeMatch	mesh:D002357	Cartilage Diseases	semapv:LexicalMatching	2019	2025	https://github.com/gyorilab/mapnet/blob/main/scripts/generate_leonmap_mesh_icd10_mapping.py	leonmap	0.1.0	2026-07-31	1.0
icd10:D51.9	Vitamin B	skos:closeMatch	mesh:D014803	Vitamin B Complex	semapv:LexicalMatching	2019	2025	https://github.com/gyorilab/mapnet/blob/main/scripts/generate_leonmap_mesh_icd10_mapping.py	leonmap	0.1.0	2026-07-31	1.0
icd10:Q81.1	Epidermolysis bullosa letalis	skos:closeMatch	mesh:D016109	Epidermolysis Bullosa, Junctional	semapv:LexicalMatching	2019	2025	https://github.com/gyorilab/mapnet/blob/main/scripts/generate_leonmap_mesh_icd10_mapping.py	leonmap	0.1.0	2026-07-31	1.0
icd10:H34.1	Central retinal artery occlusion	skos:closeMatch	mesh:D015356	Retinal Artery Occlusion	semapv:LexicalMatching	2019	2025	https://github.com/gyorilab/mapnet/blob/main/scripts/generate_leonmap_mesh_icd10_mapping.py	leonmap	0.1.0	2026-07-31	1.0
icd10:H04.0	Dacryoadenitis	skos:closeMatch	mesh:D003607	Dacryocystitis	semapv:LexicalMatching	2019	2025	https://github.com/gyorilab/mapnet/blob/main/scripts/generate_leonmap_mesh_icd10_mapping.py	leonmap	0.1.0	2026-07-31	1.0
icd10:C86.0	Extranodal NK/T-cell lymphoma, nasal type	skos:closeMatch	mesh:D054391	Lymphoma, Extranodal NK-T-Cell	semapv:LexicalMatching	2019	2025	https://github.com/gyorilab/mapnet/blob/main/scripts/generate_leonmap_mesh_icd10_mapping.py	leonmap	0.1.0	2026-07-31	1.0
icd10:L64	Androgenic alopecia	skos:closeMatch	mesh:D000505	Alopecia	semapv:LexicalMatching	2019	2025	https://github.com/gyorilab/mapnet/blob/main/scripts/generate_leonmap_mesh_icd10_mapping.py	leonmap	0.1.0	2026-07-31	1.0
icd10:L28.0	Lichen simplex chronicus	skos:closeMatch	mesh:D009450	Neurodermatitis	semapv:LexicalMatching	2019	2025	https://github.com/gyorilab/mapnet/blob/main/scripts/generate_leonmap_mesh_icd10_mapping.py	leonmap	0.1.0	2026-07-31	1.0
icd10:L41.0	Pityriasis lichenoides et varioliformis acuta	skos:closeMatch	mesh:D017514	Pityriasis Lichenoides	semapv:LexicalMatching	2019	2025	https://github.com/gyorilab/mapnet/blob/main/scripts/generate_leonmap_mesh_icd10_mapping.py	leonmap	0.1.0	2026-07-31	1.0
icd10:J43.1	Panlobular emphysema	skos:closeMatch	mesh:D011656	Pulmonary Emphysema	semapv:LexicalMatching	2019	2025	https://github.com/gyorilab/mapnet/blob/main/scripts/generate_leonmap_mesh_icd10_mapping.py	leonmap	0.1.0	2026-07-31	1.0
icd10:F51.5	Nightmares	skos:closeMatch	mesh:D004325	Dreams	semapv:LexicalMatching	2019	2025	https://github.com/gyorilab/mapnet/blob/main/scripts/generate_leonmap_mesh_icd10_mapping.py	leonmap	0.1.0	2026-07-31	1.0
icd10:G90.5	Complex regional pain syndrome type I	skos:closeMatch	mesh:D012019	Reflex Sympathetic Dystrophy	semapv:LexicalMatching	2019	2025	https://github.com/gyorilab/mapnet/blob/main/scripts/generate_leonmap_mesh_icd10_mapping.py	leonmap	0.1.0	2026-07-31	1.0
icd10:N32.0	Bladder-neck obstruction	skos:closeMatch	mesh:D001748	Urinary Bladder Neck Obstruction	semapv:LexicalMatching	2019	2025	https://github.com/gyorilab/mapnet/blob/main/scripts/generate_leonmap_mesh_icd10_mapping.py	leonmap	0.1.0	2026-07-31	1.0
icd10:M85.5	Aneurysmal bone cyst	skos:closeMatch	mesh:D017824	Bone Cysts, Aneurysmal	semapv:LexicalMatching	2019	2025	https://github.com/gyorilab/mapnet/blob/main/scripts/generate_leonmap_mesh_icd10_mapping.py	leonmap	0.1.0	2026-07-31	1.0
icd10:N17	Acute renal failure	skos:closeMatch	mesh:D058186	Acute Kidney Injury	semapv:LexicalMatching	2019	2025	https://github.com/gyorilab/mapnet/blob/main/scripts/generate_leonmap_mesh_icd10_mapping.py	leonmap	0.1.0	2026-07-31	1.0
icd10:T38.2	Antithyroid drugs	skos:closeMatch	mesh:D013956	Antithyroid Agents	semapv:LexicalMatching	2019	2025	https://github.com/gyorilab/mapnet/blob/main/scripts/generate_leonmap_mesh_icd10_mapping.py	leonmap	0.1.0	2026-07-31	1.0
icd10:B66.5	Fasciolopsiasis	skos:closeMatch	mesh:D014201	Trematode Infections	semapv:LexicalMatching	2019	2025	https://github.com/gyorilab/mapnet/blob/main/scripts/generate_leonmap_mesh_icd10_mapping.py	leonmap	0.1.0	2026-07-31	1.0
icd10:Q60.1	Renal agenesis, bilateral	skos:closeMatch	mesh:C536482	Hereditary renal agenesis	semapv:LexicalMatching	2019	2025	https://github.com/gyorilab/mapnet/blob/main/scripts/generate_leonmap_mesh_icd10_mapping.py	leonmap	0.1.0	2026-07-31	1.0
icd10:N18	Chronic kidney disease	skos:closeMatch	mesh:D051436	Renal Insufficiency, Chronic	semapv:LexicalMatching	2019	2025	https://github.com/gyorilab/mapnet/blob/main/scripts/generate_leonmap_mesh_icd10_mapping.py	leonmap	0.1.0	2026-07-31	1.0
icd10:Y57.1	Lipotropic drugs	skos:closeMatch	mesh:D008082	Lipotropic Agents	semapv:LexicalMatching	2019	2025	https://github.com/gyorilab/mapnet/blob/main/scripts/generate_leonmap_mesh_icd10_mapping.py	leonmap	0.1.0	2026-07-31	1.0
icd10:T74.2	Sexual abuse	skos:closeMatch	mesh:D012742	Sex Offenses	semapv:LexicalMatching	2019	2025	https://github.com/gyorilab/mapnet/blob/main/scripts/generate_leonmap_mesh_icd10_mapping.py	leonmap	0.1.0	2026-07-31	1.0
icd10:G43.3	Complicated migraine	skos:closeMatch	mesh:D020325	Migraine with Aura	semapv:LexicalMatching	2019	2025	https://github.com/gyorilab/mapnet/blob/main/scripts/generate_leonmap_mesh_icd10_mapping.py	leonmap	0.1.0	2026-07-31	1.0
icd10:D35.0	Adrenal gland	skos:closeMatch	mesh:D000311	Adrenal Glands	semapv:LexicalMatching	2019	2025	https://github.com/gyorilab/mapnet/blob/main/scripts/generate_leonmap_mesh_icd10_mapping.py	leonmap	0.1.0	2026-07-31	1.0
icd10:R82.4	Acetonuria	skos:closeMatch	mesh:D007662	Ketosis	semapv:LexicalMatching	2019	2025	https://github.com/gyorilab/mapnet/blob/main/scripts/generate_leonmap_mesh_icd10_mapping.py	leonmap	0.1.0	2026-07-31	1.0
icd10:Z59.0	Homelessness	skos:closeMatch	mesh:D006703	Ill-Housed Persons	semapv:LexicalMatching	2019	2025	https://github.com/gyorilab/mapnet/blob/main/scripts/generate_leonmap_mesh_icd10_mapping.py	leonmap	0.1.0	2026-07-31	1.0
icd10:T48.3	Antitussives	skos:closeMatch	mesh:D000996	Antitussive Agents	semapv:LexicalMatching	2019	2025	https://github.com/gyorilab/mapnet/blob/main/scripts/generate_leonmap_mesh_icd10_mapping.py	leonmap	0.1.0	2026-07-31	1.0
icd10:G92	Toxic encephalopathy	skos:closeMatch	mesh:D020258	Neurotoxicity Syndromes	semapv:LexicalMatching	2019	2025	https://github.com/gyorilab/mapnet/blob/main/scripts/generate_leonmap_mesh_icd10_mapping.py	leonmap	0.1.0	2026-07-31	1.0
icd10:N83.1	Corpus luteum cyst	skos:closeMatch	mesh:D010048	Ovarian Cysts	semapv:LexicalMatching	2019	2025	https://github.com/gyorilab/mapnet/blob/main/scripts/generate_leonmap_mesh_icd10_mapping.py	leonmap	0.1.0	2026-07-31	1.0
icd10:M33.0	Juvenile dermatomyositis	skos:closeMatch	mesh:D003882	Dermatomyositis	semapv:LexicalMatching	2019	2025	https://github.com/gyorilab/mapnet/blob/main/scripts/generate_leonmap_mesh_icd10_mapping.py	leonmap	0.1.0	2026-07-31	1.0
icd10:Y45.2	Propionic acid derivatives	skos:closeMatch	mesh:D011422	Propionates	semapv:LexicalMatching	2019	2025	https://github.com/gyorilab/mapnet/blob/main/scripts/generate_leonmap_mesh_icd10_mapping.py	leonmap	0.1.0	2026-07-31	1.0
icd10:D57	Sickle-cell disorders	skos:closeMatch	mesh:D000755	Anemia, Sickle Cell	semapv:LexicalMatching	2019	2025	https://github.com/gyorilab/mapnet/blob/main/scripts/generate_leonmap_mesh_icd10_mapping.py	leonmap	0.1.0	2026-07-31	1.0
icd10:P91.2	Neonatal cerebral leukomalacia	skos:closeMatch	mesh:D007969	Leukomalacia, Periventricular	semapv:LexicalMatching	2019	2025	https://github.com/gyorilab/mapnet/blob/main/scripts/generate_leonmap_mesh_icd10_mapping.py	leonmap	0.1.0	2026-07-31	1.0
icd10:C50-C50	Malignant neoplasm of breast	skos:closeMatch	mesh:D001943	Breast Neoplasms	semapv:LexicalMatching	2019	2025	https://github.com/gyorilab/mapnet/blob/main/scripts/generate_leonmap_mesh_icd10_mapping.py	leonmap	0.1.0	2026-07-31	1.0
icd10:J80	Adult respiratory distress syndrome	skos:closeMatch	mesh:D012128	Respiratory Distress Syndrome	semapv:LexicalMatching	2019	2025	https://github.com/gyorilab/mapnet/blob/main/scripts/generate_leonmap_mesh_icd10_mapping.py	leonmap	0.1.0	2026-07-31	1.0
icd10:C75.0	Parathyroid gland	skos:closeMatch	mesh:D010280	Parathyroid Glands	semapv:LexicalMatching	2019	2025	https://github.com/gyorilab/mapnet/blob/main/scripts/generate_leonmap_mesh_icd10_mapping.py	leonmap	0.1.0	2026-07-31	1.0
icd10:C25.4	Endocrine pancreas	skos:closeMatch	mesh:D007515	Islets of Langerhans	semapv:LexicalMatching	2019	2025	https://github.com/gyorilab/mapnet/blob/main/scripts/generate_leonmap_mesh_icd10_mapping.py	leonmap	0.1.0	2026-07-31	1.0
icd10:L94.1	Linear scleroderma	skos:closeMatch	mesh:D012594	Scleroderma, Localized	semapv:LexicalMatching	2019	2025	https://github.com/gyorilab/mapnet/blob/main/scripts/generate_leonmap_mesh_icd10_mapping.py	leonmap	0.1.0	2026-07-31	1.0
icd10:Q31.1	Congenital subglottic stenosis	skos:closeMatch	mesh:D007829	Laryngostenosis	semapv:LexicalMatching	2019	2025	https://github.com/gyorilab/mapnet/blob/main/scripts/generate_leonmap_mesh_icd10_mapping.py	leonmap	0.1.0	2026-07-31	1.0
icd10:R43.2	Parageusia	skos:closeMatch	mesh:D004408	Dysgeusia	semapv:LexicalMatching	2019	2025	https://github.com/gyorilab/mapnet/blob/main/scripts/generate_leonmap_mesh_icd10_mapping.py	leonmap	0.1.0	2026-07-31	1.0
icd10:Z49.1	Extracorporeal dialysis	skos:closeMatch	mesh:D006435	Renal Dialysis	semapv:LexicalMatching	2019	2025	https://github.com/gyorilab/mapnet/blob/main/scripts/generate_leonmap_mesh_icd10_mapping.py	leonmap	0.1.0	2026-07-31	1.0
icd10:N17-N19	Renal failure	skos:closeMatch	mesh:D051437	Renal Insufficiency	semapv:LexicalMatching	2019	2025	https://github.com/gyorilab/mapnet/blob/main/scripts/generate_leonmap_mesh_icd10_mapping.py	leonmap	0.1.0	2026-07-31	1.0
icd10:K85	Acute pancreatitis	skos:closeMatch	mesh:D010195	Pancreatitis	semapv:LexicalMatching	2019	2025	https://github.com/gyorilab/mapnet/blob/main/scripts/generate_leonmap_mesh_icd10_mapping.py	leonmap	0.1.0	2026-07-31	1.0
icd10:D30.1	Renal pelvis	skos:closeMatch	mesh:D007682	Kidney Pelvis	semapv:LexicalMatching	2019	2025	https://github.com/gyorilab/mapnet/blob/main/scripts/generate_leonmap_mesh_icd10_mapping.py	leonmap	0.1.0	2026-07-31	1.0
icd10:N25.0	Renal osteodystrophy	skos:closeMatch	mesh:D012080	Chronic Kidney Disease-Mineral and Bone Disorder	semapv:LexicalMatching	2019	2025	https://github.com/gyorilab/mapnet/blob/main/scripts/generate_leonmap_mesh_icd10_mapping.py	leonmap	0.1.0	2026-07-31	1.0
icd10:H40.1	Primary open-angle glaucoma	skos:closeMatch	mesh:D005902	Glaucoma, Open-Angle	semapv:LexicalMatching	2019	2025	https://github.com/gyorilab/mapnet/blob/main/scripts/generate_leonmap_mesh_icd10_mapping.py	leonmap	0.1.0	2026-07-31	1.0
icd10:T48.0	Oxytocic drugs	skos:closeMatch	mesh:D010120	Oxytocics	semapv:LexicalMatching	2019	2025	https://github.com/gyorilab/mapnet/blob/main/scripts/generate_leonmap_mesh_icd10_mapping.py	leonmap	0.1.0	2026-07-31	1.0
icd10:N30.1	Interstitial cystitis (chronic)	skos:closeMatch	mesh:D018856	Cystitis, Interstitial	semapv:LexicalMatching	2019	2025	https://github.com/gyorilab/mapnet/blob/main/scripts/generate_leonmap_mesh_icd10_mapping.py	leonmap	0.1.0	2026-07-31	1.0
icd10:M77.0	Medial epicondylitis	skos:closeMatch	mesh:D000070639	Elbow Tendinopathy	semapv:LexicalMatching	2019	2025	https://github.com/gyorilab/mapnet/blob/main/scripts/generate_leonmap_mesh_icd10_mapping.py	leonmap	0.1.0	2026-07-31	1.0
icd10:Q66.1	Talipes calcaneovarus	skos:closeMatch	mesh:D000070558	Talipes	semapv:LexicalMatching	2019	2025	https://github.com/gyorilab/mapnet/blob/main/scripts/generate_leonmap_mesh_icd10_mapping.py	leonmap	0.1.0	2026-07-31	1.0
icd10:G72.0	Drug-induced myopathy	skos:closeMatch	mesh:D000081030	Myotoxicity	semapv:LexicalMatching	2019	2025	https://github.com/gyorilab/mapnet/blob/main/scripts/generate_leonmap_mesh_icd10_mapping.py	leonmap	0.1.0	2026-07-31	1.0
icd10:G11.1	Early-onset cerebellar ataxia	skos:closeMatch	mesh:D013132	Spinocerebellar Degenerations	semapv:LexicalMatching	2019	2025	https://github.com/gyorilab/mapnet/blob/main/scripts/generate_leonmap_mesh_icd10_mapping.py	leonmap	0.1.0	2026-07-31	1.0
icd10:T37.5	Antiviral drugs	skos:closeMatch	mesh:D000998	Antiviral Agents	semapv:LexicalMatching	2019	2025	https://github.com/gyorilab/mapnet/blob/main/scripts/generate_leonmap_mesh_icd10_mapping.py	leonmap	0.1.0	2026-07-31	1.0
icd10:M15-M19	Arthrosis	skos:closeMatch	mesh:D010003	Osteoarthritis	semapv:LexicalMatching	2019	2025	https://github.com/gyorilab/mapnet/blob/main/scripts/generate_leonmap_mesh_icd10_mapping.py	leonmap	0.1.0	2026-07-31	1.0
icd10:Z59.5	Extreme poverty	skos:closeMatch	mesh:D011203	Poverty	semapv:LexicalMatching	2019	2025	https://github.com/gyorilab/mapnet/blob/main/scripts/generate_leonmap_mesh_icd10_mapping.py	leonmap	0.1.0	2026-07-31	1.0
icd10:G37.4	Subacute necrotizing myelitis	skos:closeMatch	mesh:D009187	Myelitis	semapv:LexicalMatching	2019	2025	https://github.com/gyorilab/mapnet/blob/main/scripts/generate_leonmap_mesh_icd10_mapping.py	leonmap	0.1.0	2026-07-31	1.0
icd10:K05.4	Periodontosis	skos:closeMatch	mesh:D010520	Aggressive Periodontitis	semapv:LexicalMatching	2019	2025	https://github.com/gyorilab/mapnet/blob/main/scripts/generate_leonmap_mesh_icd10_mapping.py	leonmap	0.1.0	2026-07-31	1.0
icd10:E76.0	Mucopolysaccharidosis, type I	skos:closeMatch	mesh:D008059	Mucopolysaccharidosis I	semapv:LexicalMatching	2019	2025	https://github.com/gyorilab/mapnet/blob/main/scripts/generate_leonmap_mesh_icd10_mapping.py	leonmap	0.1.0	2026-07-31	1.0
icd10:G82.3	Flaccid tetraplegia	skos:closeMatch	mesh:D011782	Quadriplegia	semapv:LexicalMatching	2019	2025	https://github.com/gyorilab/mapnet/blob/main/scripts/generate_leonmap_mesh_icd10_mapping.py	leonmap	0.1.0	2026-07-31	1.0
icd10:B71.1	Dipylidiasis	skos:closeMatch	mesh:D002590	Cestode Infections	semapv:LexicalMatching	2019	2025	https://github.com/gyorilab/mapnet/blob/main/scripts/generate_leonmap_mesh_icd10_mapping.py	leonmap	0.1.0	2026-07-31	1.0
icd10:H50.5	Heterophoria	skos:closeMatch	mesh:D013285	Strabismus	semapv:LexicalMatching	2019	2025	https://github.com/gyorilab/mapnet/blob/main/scripts/generate_leonmap_mesh_icd10_mapping.py	leonmap	0.1.0	2026-07-31	1.0
icd10:I86.4	Gastric varices	skos:closeMatch	mesh:D004932	Esophageal and Gastric Varices	semapv:LexicalMatching	2019	2025	https://github.com/gyorilab/mapnet/blob/main/scripts/generate_leonmap_mesh_icd10_mapping.py	leonmap	0.1.0	2026-07-31	1.0
icd10:R49	Voice disturbances	skos:closeMatch	mesh:D014832	Voice Disorders	semapv:LexicalMatching	2019	2025	https://github.com/gyorilab/mapnet/blob/main/scripts/generate_leonmap_mesh_icd10_mapping.py	leonmap	0.1.0	2026-07-31	1.0
icd10:I42.1	Obstructive hypertrophic cardiomyopathy	skos:closeMatch	mesh:D002312	Cardiomyopathy, Hypertrophic	semapv:LexicalMatching	2019	2025	https://github.com/gyorilab/mapnet/blob/main/scripts/generate_leonmap_mesh_icd10_mapping.py	leonmap	0.1.0	2026-07-31	1.0
icd10:T44.0	Anticholinesterase agents	skos:closeMatch	mesh:D002800	Cholinesterase Inhibitors	semapv:LexicalMatching	2019	2025	https://github.com/gyorilab/mapnet/blob/main/scripts/generate_leonmap_mesh_icd10_mapping.py	leonmap	0.1.0	2026-07-31	1.0
icd10:O43.2	Morbidly adherent placenta	skos:closeMatch	mesh:D010921	Placenta Accreta	semapv:LexicalMatching	2019	2025	https://github.com/gyorilab/mapnet/blob/main/scripts/generate_leonmap_mesh_icd10_mapping.py	leonmap	0.1.0	2026-07-31	1.0
icd10:B36.2	White piedra	skos:closeMatch	mesh:D010854	Piedra	semapv:LexicalMatching	2019	2025	https://github.com/gyorilab/mapnet/blob/main/scripts/generate_leonmap_mesh_icd10_mapping.py	leonmap	0.1.0	2026-07-31	1.0
icd10:G46.0	Middle cerebral artery syndrome	skos:closeMatch	mesh:D020244	Infarction, Middle Cerebral Artery	semapv:LexicalMatching	2019	2025	https://github.com/gyorilab/mapnet/blob/main/scripts/generate_leonmap_mesh_icd10_mapping.py	leonmap	0.1.0	2026-07-31	1.0
icd10:I02	Rheumatic chorea	skos:closeMatch	mesh:D002819	Chorea	semapv:LexicalMatching	2019	2025	https://github.com/gyorilab/mapnet/blob/main/scripts/generate_leonmap_mesh_icd10_mapping.py	leonmap	0.1.0	2026-07-31	1.0
icd10:D15.0	Thymus	skos:closeMatch	mesh:D013950	Thymus Gland	semapv:LexicalMatching	2019	2025	https://github.com/gyorilab/mapnet/blob/main/scripts/generate_leonmap_mesh_icd10_mapping.py	leonmap	0.1.0	2026-07-31	1.0
icd10:I48.1	Persistent atrial fibrillation	skos:closeMatch	mesh:D001281	Atrial Fibrillation	semapv:LexicalMatching	2019	2025	https://github.com/gyorilab/mapnet/blob/main/scripts/generate_leonmap_mesh_icd10_mapping.py	leonmap	0.1.0	2026-07-31	1.0
icd10:D09.0	Bladder	skos:closeMatch	mesh:D001743	Urinary Bladder	semapv:LexicalMatching	2019	2025	https://github.com/gyorilab/mapnet/blob/main/scripts/generate_leonmap_mesh_icd10_mapping.py	leonmap	0.1.0	2026-07-31	1.0
icd10:E70.0	Classical phenylketonuria	skos:closeMatch	mesh:D010661	Phenylketonurias	semapv:LexicalMatching	2019	2025	https://github.com/gyorilab/mapnet/blob/main/scripts/generate_leonmap_mesh_icd10_mapping.py	leonmap	0.1.0	2026-07-31	1.0
icd10:C86.4	Blastic NK-cell lymphoma	skos:closeMatch	mesh:D000099067	Blastic Plasmacytoid Dendritic Cell Neoplasm	semapv:LexicalMatching	2019	2025	https://github.com/gyorilab/mapnet/blob/main/scripts/generate_leonmap_mesh_icd10_mapping.py	leonmap	0.1.0	2026-07-31	1.0
icd10:X60-X84	Intentional self-harm	skos:closeMatch	mesh:D016728	Self-Injurious Behavior	semapv:LexicalMatching	2019	2025	https://github.com/gyorilab/mapnet/blob/main/scripts/generate_leonmap_mesh_icd10_mapping.py	leonmap	0.1.0	2026-07-31	1.0
icd10:G46.2	Posterior cerebral artery syndrome	skos:closeMatch	mesh:D020762	Infarction, Posterior Cerebral Artery	semapv:LexicalMatching	2019	2025	https://github.com/gyorilab/mapnet/blob/main/scripts/generate_leonmap_mesh_icd10_mapping.py	leonmap	0.1.0	2026-07-31	1.0
icd10:I27.0	Primary pulmonary hypertension	skos:closeMatch	mesh:D065627	Familial Primary Pulmonary Hypertension	semapv:LexicalMatching	2019	2025	https://github.com/gyorilab/mapnet/blob/main/scripts/generate_leonmap_mesh_icd10_mapping.py	leonmap	0.1.0	2026-07-31	1.0
icd10:Q83.2	Absent nipple	skos:closeMatch	mesh:C562989	Amastia	semapv:LexicalMatching	2019	2025	https://github.com/gyorilab/mapnet/blob/main/scripts/generate_leonmap_mesh_icd10_mapping.py	leonmap	0.1.0	2026-07-31	1.0
icd10:N85.6	Intrauterine synechiae	skos:closeMatch	mesh:D006175	Gynatresia	semapv:LexicalMatching	2019	2025	https://github.com/gyorilab/mapnet/blob/main/scripts/generate_leonmap_mesh_icd10_mapping.py	leonmap	0.1.0	2026-07-31	1.0
icd10:G58.7	Mononeuritis multiplex	skos:closeMatch	mesh:D020422	Mononeuropathies	semapv:LexicalMatching	2019	2025	https://github.com/gyorilab/mapnet/blob/main/scripts/generate_leonmap_mesh_icd10_mapping.py	leonmap	0.1.0	2026-07-31	1.0
icd10:G46.1	Anterior cerebral artery syndrome	skos:closeMatch	mesh:D020243	Infarction, Anterior Cerebral Artery	semapv:LexicalMatching	2019	2025	https://github.com/gyorilab/mapnet/blob/main/scripts/generate_leonmap_mesh_icd10_mapping.py	leonmap	0.1.0	2026-07-31	1.0
icd10:R44.0	Auditory hallucinations	skos:closeMatch	mesh:D006212	Hallucinations	semapv:LexicalMatching	2019	2025	https://github.com/gyorilab/mapnet/blob/main/scripts/generate_leonmap_mesh_icd10_mapping.py	leonmap	0.1.0	2026-07-31	1.0
icd10:H54.4	Blindness, monocular	skos:closeMatch	mesh:D001766	Blindness	semapv:LexicalMatching	2019	2025	https://github.com/gyorilab/mapnet/blob/main/scripts/generate_leonmap_mesh_icd10_mapping.py	leonmap	0.1.0	2026-07-31	1.0
icd10:Q66.4	Talipes calcaneovalgus	skos:closeMatch	mesh:D005413	Flatfoot	semapv:LexicalMatching	2019	2025	https://github.com/gyorilab/mapnet/blob/main/scripts/generate_leonmap_mesh_icd10_mapping.py	leonmap	0.1.0	2026-07-31	1.0
icd10:I67.2	Cerebral atherosclerosis	skos:closeMatch	mesh:D002537	Intracranial Arteriosclerosis	semapv:LexicalMatching	2019	2025	https://github.com/gyorilab/mapnet/blob/main/scripts/generate_leonmap_mesh_icd10_mapping.py	leonmap	0.1.0	2026-07-31	1.0
icd10:D81.4	Nezelof syndrome	skos:closeMatch	mesh:C536288	Thymic aplasia	semapv:LexicalMatching	2019	2025	https://github.com/gyorilab/mapnet/blob/main/scripts/generate_leonmap_mesh_icd10_mapping.py	leonmap	0.1.0	2026-07-31	1.0
icd10:S06.3	Focal brain injury	skos:closeMatch	mesh:D001930	Brain Injuries	semapv:LexicalMatching	2019	2025	https://github.com/gyorilab/mapnet/blob/main/scripts/generate_leonmap_mesh_icd10_mapping.py	leonmap	0.1.0	2026-07-31	1.0
icd10:Y50.0	Analeptics	skos:closeMatch	mesh:D000697	Central Nervous System Stimulants	semapv:LexicalMatching	2019	2025	https://github.com/gyorilab/mapnet/blob/main/scripts/generate_leonmap_mesh_icd10_mapping.py	leonmap	0.1.0	2026-07-31	1.0
icd10:D05.0	Lobular carcinoma in situ	skos:closeMatch	mesh:D000071960	Breast Carcinoma In Situ	semapv:LexicalMatching	2019	2025	https://github.com/gyorilab/mapnet/blob/main/scripts/generate_leonmap_mesh_icd10_mapping.py	leonmap	0.1.0	2026-07-31	1.0
icd10:T59.4	Chlorine gas	skos:closeMatch	mesh:D002713	Chlorine	semapv:LexicalMatching	2019	2025	https://github.com/gyorilab/mapnet/blob/main/scripts/generate_leonmap_mesh_icd10_mapping.py	leonmap	0.1.0	2026-07-31	1.0
icd10:A83.4	Australian encephalitis	skos:closeMatch	mesh:D004671	Encephalitis, Arbovirus	semapv:LexicalMatching	2019	2025	https://github.com/gyorilab/mapnet/blob/main/scripts/generate_leonmap_mesh_icd10_mapping.py	leonmap	0.1.0	2026-07-31	1.0
icd10:Q82.4	Ectodermal dysplasia (anhidrotic)	skos:closeMatch	mesh:D004476	Ectodermal Dysplasia	semapv:LexicalMatching	2019	2025	https://github.com/gyorilab/mapnet/blob/main/scripts/generate_leonmap_mesh_icd10_mapping.py	leonmap	0.1.0	2026-07-31	1.0
icd10:G82.0	Flaccid paraplegia	skos:closeMatch	mesh:D010264	Paraplegia	semapv:LexicalMatching	2019	2025	https://github.com/gyorilab/mapnet/blob/main/scripts/generate_leonmap_mesh_icd10_mapping.py	leonmap	0.1.0	2026-07-31	1.0
icd10:C81.0	Nodular lymphocyte predominant Hodgkin lymphoma	skos:closeMatch	mesh:D006689	Hodgkin Disease	semapv:LexicalMatching	2019	2025	https://github.com/gyorilab/mapnet/blob/main/scripts/generate_leonmap_mesh_icd10_mapping.py	leonmap	0.1.0	2026-07-31	1.0
icd10:G57.0	Lesion of sciatic nerve	skos:closeMatch	mesh:D020426	Sciatic Neuropathy	semapv:LexicalMatching	2019	2025	https://github.com/gyorilab/mapnet/blob/main/scripts/generate_leonmap_mesh_icd10_mapping.py	leonmap	0.1.0	2026-07-31	1.0
icd10:L12.2	Chronic bullous disease of childhood	skos:closeMatch	mesh:D062027	Linear IgA Bullous Dermatosis	semapv:LexicalMatching	2019	2025	https://github.com/gyorilab/mapnet/blob/main/scripts/generate_leonmap_mesh_icd10_mapping.py	leonmap	0.1.0	2026-07-31	1.0
icd10:L50.4	Vibratory urticaria	skos:closeMatch	mesh:D000094482	Chronic Inducible Urticaria	semapv:LexicalMatching	2019	2025	https://github.com/gyorilab/mapnet/blob/main/scripts/generate_leonmap_mesh_icd10_mapping.py	leonmap	0.1.0	2026-07-31	1.0
icd10:R06.2	Wheezing	skos:closeMatch	mesh:D012135	Respiratory Sounds	semapv:LexicalMatching	2019	2025	https://github.com/gyorilab/mapnet/blob/main/scripts/generate_leonmap_mesh_icd10_mapping.py	leonmap	0.1.0	2026-07-31	1.0
icd10:O92.4	Hypogalactia	skos:closeMatch	mesh:D007775	Lactation Disorders	semapv:LexicalMatching	2019	2025	https://github.com/gyorilab/mapnet/blob/main/scripts/generate_leonmap_mesh_icd10_mapping.py	leonmap	0.1.0	2026-07-31	1.0
icd10:T67.1	Heat syncope	skos:closeMatch	mesh:D018882	Heat Stress Disorders	semapv:LexicalMatching	2019	2025	https://github.com/gyorilab/mapnet/blob/main/scripts/generate_leonmap_mesh_icd10_mapping.py	leonmap	0.1.0	2026-07-31	1.0
icd10:A52.1	Symptomatic neurosyphilis	skos:closeMatch	mesh:D009494	Neurosyphilis	semapv:LexicalMatching	2019	2025	https://github.com/gyorilab/mapnet/blob/main/scripts/generate_leonmap_mesh_icd10_mapping.py	leonmap	0.1.0	2026-07-31	1.0
icd10:H04.2	Epiphora	skos:closeMatch	mesh:D007766	Lacrimal Apparatus Diseases	semapv:LexicalMatching	2019	2025	https://github.com/gyorilab/mapnet/blob/main/scripts/generate_leonmap_mesh_icd10_mapping.py	leonmap	0.1.0	2026-07-31	1.0
icd10:C54.3	Fundus uteri	skos:closeMatch	mesh:D014599	Uterus	semapv:LexicalMatching	2019	2025	https://github.com/gyorilab/mapnet/blob/main/scripts/generate_leonmap_mesh_icd10_mapping.py	leonmap	0.1.0	2026-07-31	1.0
icd10:G59.0	Diabetic mononeuropathy	skos:closeMatch	mesh:D003929	Diabetic Neuropathies	semapv:LexicalMatching	2019	2025	https://github.com/gyorilab/mapnet/blob/main/scripts/generate_leonmap_mesh_icd10_mapping.py	leonmap	0.1.0	2026-07-31	1.0
icd10:H31.4	Choroidal detachment	skos:closeMatch	mesh:D000080324	Choroidal Effusions	semapv:LexicalMatching	2019	2025	https://github.com/gyorilab/mapnet/blob/main/scripts/generate_leonmap_mesh_icd10_mapping.py	leonmap	0.1.0	2026-07-31	1.0
icd10:E53.1	Pyridoxine deficiency	skos:closeMatch	mesh:D026681	Vitamin B 6 Deficiency	semapv:LexicalMatching	2019	2025	https://github.com/gyorilab/mapnet/blob/main/scripts/generate_leonmap_mesh_icd10_mapping.py	leonmap	0.1.0	2026-07-31	1.0
icd10:H51.2	Internuclear ophthalmoplegia	skos:closeMatch	mesh:D015835	Ocular Motility Disorders	semapv:LexicalMatching	2019	2025	https://github.com/gyorilab/mapnet/blob/main/scripts/generate_leonmap_mesh_icd10_mapping.py	leonmap	0.1.0	2026-07-31	1.0
icd10:Q17.2	Microtia	skos:closeMatch	mesh:D065817	Congenital Microtia	semapv:LexicalMatching	2019	2025	https://github.com/gyorilab/mapnet/blob/main/scripts/generate_leonmap_mesh_icd10_mapping.py	leonmap	0.1.0	2026-07-31	1.0
icd10:Z36	Antenatal screening	skos:closeMatch	mesh:D011296	Prenatal Diagnosis	semapv:LexicalMatching	2019	2025	https://github.com/gyorilab/mapnet/blob/main/scripts/generate_leonmap_mesh_icd10_mapping.py	leonmap	0.1.0	2026-07-31	1.0
icd10:T47.5	Digestants	skos:closeMatch	mesh:D005765	Gastrointestinal Agents	semapv:LexicalMatching	2019	2025	https://github.com/gyorilab/mapnet/blob/main/scripts/generate_leonmap_mesh_icd10_mapping.py	leonmap	0.1.0	2026-07-31	1.0
icd10:K56.0	Paralytic ileus	skos:closeMatch	mesh:D007418	Intestinal Pseudo-Obstruction	semapv:LexicalMatching	2019	2025	https://github.com/gyorilab/mapnet/blob/main/scripts/generate_leonmap_mesh_icd10_mapping.py	leonmap	0.1.0	2026-07-31	1.0
icd10:Z41.3	Ear piercing	skos:closeMatch	mesh:D046288	Body Piercing	semapv:LexicalMatching	2019	2025	https://github.com/gyorilab/mapnet/blob/main/scripts/generate_leonmap_mesh_icd10_mapping.py	leonmap	0.1.0	2026-07-31	1.0
icd10:C10.4	Branchial cleft	skos:closeMatch	mesh:D001934	Branchial Region	semapv:LexicalMatching	2019	2025	https://github.com/gyorilab/mapnet/blob/main/scripts/generate_leonmap_mesh_icd10_mapping.py	leonmap	0.1.0	2026-07-31	1.0
icd10:Q77.7	Spondyloepiphyseal dysplasia	skos:closeMatch	mesh:D010009	Osteochondrodysplasias	semapv:LexicalMatching	2019	2025	https://github.com/gyorilab/mapnet/blob/main/scripts/generate_leonmap_mesh_icd10_mapping.py	leonmap	0.1.0	2026-07-31	1.0
icd10:L66.4	Folliculitis ulerythematosa reticulata	skos:closeMatch	mesh:C537412	Burnett Schwartz Berberian syndrome	semapv:LexicalMatching	2019	2025	https://github.com/gyorilab/mapnet/blob/main/scripts/generate_leonmap_mesh_icd10_mapping.py	leonmap	0.1.0	2026-07-31	1.0
icd10:Q00.1	Craniorachischisis	skos:closeMatch	mesh:D009436	Neural Tube Defects	semapv:LexicalMatching	2019	2025	https://github.com/gyorilab/mapnet/blob/main/scripts/generate_leonmap_mesh_icd10_mapping.py	leonmap	0.1.0	2026-07-31	1.0
icd10:A04.4	Other intestinal Escherichia coli infections	skos:closeMatch	mesh:D004927	Escherichia coli Infections	semapv:SemanticSimilarity	2019	2025	https://github.com/gyorilab/mapnet/blob/main/scripts/generate_leonmap_mesh_icd10_mapping.py	leonmap	0.1.0	2026-07-31	0.905408
icd10:A30-A49	Other bacterial diseases	skos:closeMatch	mesh:D001424	Bacterial Infections	semapv:SemanticSimilarity	2019	2025	https://github.com/gyorilab/mapnet/blob/main/scripts/generate_leonmap_mesh_icd10_mapping.py	leonmap	0.1.0	2026-07-31	0.907049
icd10:A31.9	Mycobacterial infection, unspecified	skos:closeMatch	mesh:D009164	Mycobacterium Infections	semapv:SemanticSimilarity	2019	2025	https://github.com/gyorilab/mapnet/blob/main/scripts/generate_leonmap_mesh_icd10_mapping.py	leonmap	0.1.0	2026-07-31	0.916002
icd10:A44.8	Other forms of bartonellosis	skos:closeMatch	mesh:D001476	Bartonellaceae Infections	semapv:SemanticSimilarity	2019	2025	https://github.com/gyorilab/mapnet/blob/main/scripts/generate_leonmap_mesh_icd10_mapping.py	leonmap	0.1.0	2026-07-31	0.903447
icd10:A51.2	Primary syphilis of other sites	skos:closeMatch	mesh:C536772	Syphilis, primary	semapv:SemanticSimilarity	2019	2025	https://github.com/gyorilab/mapnet/blob/main/scripts/generate_leonmap_mesh_icd10_mapping.py	leonmap	0.1.0	2026-07-31	0.913753
icd10:A51.4	Other secondary syphilis	skos:closeMatch	mesh:C536773	Syphilis, secondary	semapv:SemanticSimilarity	2019	2025	https://github.com/gyorilab/mapnet/blob/main/scripts/generate_leonmap_mesh_icd10_mapping.py	leonmap	0.1.0	2026-07-31	0.932615
icd10:A52.8	Late syphilis, latent	skos:closeMatch	mesh:D013592	Syphilis, Latent	semapv:SemanticSimilarity	2019	2025	https://github.com/gyorilab/mapnet/blob/main/scripts/generate_leonmap_mesh_icd10_mapping.py	leonmap	0.1.0	2026-07-31	0.914564
icd10:A74.8	Other chlamydial diseases	skos:closeMatch	mesh:D002694	Chlamydiaceae Infections	semapv:SemanticSimilarity	2019	2025	https://github.com/gyorilab/mapnet/blob/main/scripts/generate_leonmap_mesh_icd10_mapping.py	leonmap	0.1.0	2026-07-31	0.90962
icd10:A79.8	Other specified rickettsioses	skos:closeMatch	mesh:D041101	Neorickettsia sennetsu	semapv:SemanticSimilarity	2019	2025	https://github.com/gyorilab/mapnet/blob/main/scripts/generate_leonmap_mesh_icd10_mapping.py	leonmap	0.1.0	2026-07-31	0.912191
icd10:A94	Unspecified arthropod-borne viral fever	skos:closeMatch	mesh:D001102	Arbovirus Infections	semapv:SemanticSimilarity	2019	2025	https://github.com/gyorilab/mapnet/blob/main/scripts/generate_leonmap_mesh_icd10_mapping.py	leonmap	0.1.0	2026-07-31	0.916937
icd10:B08.0	Other orthopoxvirus infections	skos:closeMatch	mesh:D015608	Cowpox virus	semapv:SemanticSimilarity	2019	2025	https://github.com/gyorilab/mapnet/blob/main/scripts/generate_leonmap_mesh_icd10_mapping.py	leonmap	0.1.0	2026-07-31	0.90014
icd10:B21.0	HIV disease resulting in Kaposi sarcoma	skos:closeMatch	mesh:C554498	AIDS-related Kaposi sarcoma	semapv:SemanticSimilarity	2019	2025	https://github.com/gyorilab/mapnet/blob/main/scripts/generate_leonmap_mesh_icd10_mapping.py	leonmap	0.1.0	2026-07-31	0.963638
icd10:B25-B34	Other viral diseases	skos:closeMatch	mesh:D014777	Virus Diseases	semapv:SemanticSimilarity	2019	2025	https://github.com/gyorilab/mapnet/blob/main/scripts/generate_leonmap_mesh_icd10_mapping.py	leonmap	0.1.0	2026-07-31	0.908819
icd10:B34.3	Parvovirus infection, unspecified site	skos:closeMatch	mesh:D010322	Parvoviridae Infections	semapv:SemanticSimilarity	2019	2025	https://github.com/gyorilab/mapnet/blob/main/scripts/generate_leonmap_mesh_icd10_mapping.py	leonmap	0.1.0	2026-07-31	0.91575
icd10:B67.7	Echinococcus multilocularis infection, unspecified	skos:closeMatch	mesh:D048210	Echinococcus multilocularis	semapv:SemanticSimilarity	2019	2025	https://github.com/gyorilab/mapnet/blob/main/scripts/generate_leonmap_mesh_icd10_mapping.py	leonmap	0.1.0	2026-07-31	0.906906
icd10:B69.9	Cysticercosis, unspecified	skos:closeMatch	mesh:C531662	Submacular Cysticercosis	semapv:SemanticSimilarity	2019	2025	https://github.com/gyorilab/mapnet/blob/main/scripts/generate_leonmap_mesh_icd10_mapping.py	leonmap	0.1.0	2026-07-31	0.911088
icd10:B81	Other intestinal helminthiases, not elsewhere classified	skos:closeMatch	mesh:C531698	Intestinal helminthiasis	semapv:SemanticSimilarity	2019	2025	https://github.com/gyorilab/mapnet/blob/main/scripts/generate_leonmap_mesh_icd10_mapping.py	leonmap	0.1.0	2026-07-31	0.947738
icd10:B85.0	Pediculosis due to Pediculus humanus capitis	skos:closeMatch	mesh:D010374	Pediculus	semapv:SemanticSimilarity	2019	2025	https://github.com/gyorilab/mapnet/blob/main/scripts/generate_leonmap_mesh_icd10_mapping.py	leonmap	0.1.0	2026-07-31	0.912796
icd10:B98.1	Vibrio vulnificus as the cause of diseases classified to other chapters	skos:closeMatch	mesh:C536348	Vibrio vulnificus infection	semapv:SemanticSimilarity	2019	2025	https://github.com/gyorilab/mapnet/blob/main/scripts/generate_leonmap_mesh_icd10_mapping.py	leonmap	0.1.0	2026-07-31	0.937612
icd10:C46.0	Kaposi sarcoma of skin	skos:closeMatch	mesh:C554497	Non-AIDS-related Kaposi sarcoma	semapv:SemanticSimilarity	2019	2025	https://github.com/gyorilab/mapnet/blob/main/scripts/generate_leonmap_mesh_icd10_mapping.py	leonmap	0.1.0	2026-07-31	0.924371
icd10:C85.1	B-cell lymphoma, unspecified	skos:closeMatch	mesh:D016393	Lymphoma, B-Cell	semapv:SemanticSimilarity	2019	2025	https://github.com/gyorilab/mapnet/blob/main/scripts/generate_leonmap_mesh_icd10_mapping.py	leonmap	0.1.0	2026-07-31	0.912151
icd10:C90.3	Solitary plasmacytoma	skos:closeMatch	mesh:D010954	Plasmacytoma	semapv:SemanticSimilarity	2019	2025	https://github.com/gyorilab/mapnet/blob/main/scripts/generate_leonmap_mesh_icd10_mapping.py	leonmap	0.1.0	2026-07-31	0.952216
icd10:C91.1	Chronic lymphocytic leukaemia of B-cell type	skos:closeMatch	mesh:D015451	Leukemia, Lymphocytic, Chronic, B-Cell	semapv:SemanticSimilarity	2019	2025	https://github.com/gyorilab/mapnet/blob/main/scripts/generate_leonmap_mesh_icd10_mapping.py	leonmap	0.1.0	2026-07-31	0.915778
icd10:C94.0	Acute erythroid leukaemia	skos:closeMatch	mesh:C565039	Erythroleukemia, Familial	semapv:SemanticSimilarity	2019	2025	https://github.com/gyorilab/mapnet/blob/main/scripts/generate_leonmap_mesh_icd10_mapping.py	leonmap	0.1.0	2026-07-31	0.91177
icd10:C96.4	Sarcoma of dendritic cells (accessory cells)	skos:closeMatch	mesh:D054740	Dendritic Cell Sarcoma, Follicular	semapv:SemanticSimilarity	2019	2025	https://github.com/gyorilab/mapnet/blob/main/scripts/generate_leonmap_mesh_icd10_mapping.py	leonmap	0.1.0	2026-07-31	0.906202
icd10:D53.1	Other megaloblastic anaemias, not elsewhere classified	skos:closeMatch	mesh:D000749	Anemia, Megaloblastic	semapv:SemanticSimilarity	2019	2025	https://github.com/gyorilab/mapnet/blob/main/scripts/generate_leonmap_mesh_icd10_mapping.py	leonmap	0.1.0	2026-07-31	0.91872
icd10:D56.2	Delta-beta thalassaemia	skos:closeMatch	mesh:C562716	Delta-Beta Thalassemia	semapv:SemanticSimilarity	2019	2025	https://github.com/gyorilab/mapnet/blob/main/scripts/generate_leonmap_mesh_icd10_mapping.py	leonmap	0.1.0	2026-07-31	0.958107
icd10:D61.3	Idiopathic aplastic anaemia	skos:closeMatch	mesh:C538494	Aplastic anemia, idiopathic	semapv:SemanticSimilarity	2019	2025	https://github.com/gyorilab/mapnet/blob/main/scripts/generate_leonmap_mesh_icd10_mapping.py	leonmap	0.1.0	2026-07-31	0.97566
icd10:D75.1	Secondary polycythaemia	skos:closeMatch	mesh:D011086	Polycythemia	semapv:SemanticSimilarity	2019	2025	https://github.com/gyorilab/mapnet/blob/main/scripts/generate_leonmap_mesh_icd10_mapping.py	leonmap	0.1.0	2026-07-31	0.91374
icd10:D76.1	Haemophagocytic lymphohistiocytosis	skos:closeMatch	mesh:D051359	Lymphohistiocytosis, Hemophagocytic	semapv:SemanticSimilarity	2019	2025	https://github.com/gyorilab/mapnet/blob/main/scripts/generate_leonmap_mesh_icd10_mapping.py	leonmap	0.1.0	2026-07-31	0.900005
icd10:D80.8	Other immunodeficiencies with predominantly antibody defects	skos:closeMatch	mesh:C564131	Kappa-Chain Deficiency	semapv:SemanticSimilarity	2019	2025	https://github.com/gyorilab/mapnet/blob/main/scripts/generate_leonmap_mesh_icd10_mapping.py	leonmap	0.1.0	2026-07-31	0.912574
icd10:D81.1	Severe combined immunodeficiency [SCID] with low T- and B-cell numbers	skos:closeMatch	mesh:C537590	Severe combined immunodeficiency, atypical	semapv:SemanticSimilarity	2019	2025	https://github.com/gyorilab/mapnet/blob/main/scripts/generate_leonmap_mesh_icd10_mapping.py	leonmap	0.1.0	2026-07-31	0.928048
icd10:D81.5	Purine nucleoside phosphorylase [PNP] deficiency	skos:closeMatch	mesh:C562587	Purine Nucleoside Phosphorylase Deficiency	semapv:SemanticSimilarity	2019	2025	https://github.com/gyorilab/mapnet/blob/main/scripts/generate_leonmap_mesh_icd10_mapping.py	leonmap	0.1.0	2026-07-31	0.947103
icd10:D81.6	Major histocompatibility complex class I deficiency	skos:closeMatch	mesh:C565759	Bare Lymphocyte Syndrome, Type I	semapv:SemanticSimilarity	2019	2025	https://github.com/gyorilab/mapnet/blob/main/scripts/generate_leonmap_mesh_icd10_mapping.py	leonmap	0.1.0	2026-07-31	0.909101
icd10:D89.9	Disorder involving the immune mechanism, unspecified	skos:closeMatch	mesh:D007154	Immune System Diseases	semapv:SemanticSimilarity	2019	2025	https://github.com/gyorilab/mapnet/blob/main/scripts/generate_leonmap_mesh_icd10_mapping.py	leonmap	0.1.0	2026-07-31	0.902606
icd10:E06.5	Other chronic thyroiditis	skos:closeMatch	mesh:C535842	Thyroiditis, Chronic	semapv:SemanticSimilarity	2019	2025	https://github.com/gyorilab/mapnet/blob/main/scripts/generate_leonmap_mesh_icd10_mapping.py	leonmap	0.1.0	2026-07-31	0.932813
icd10:E07	Other disorders of thyroid	skos:closeMatch	mesh:D013959	Thyroid Diseases	semapv:SemanticSimilarity	2019	2025	https://github.com/gyorilab/mapnet/blob/main/scripts/generate_leonmap_mesh_icd10_mapping.py	leonmap	0.1.0	2026-07-31	0.907654
icd10:E24.0	Pituitary-dependent Cushing disease	skos:closeMatch	mesh:D047748	Pituitary ACTH Hypersecretion	semapv:SemanticSimilarity	2019	2025	https://github.com/gyorilab/mapnet/blob/main/scripts/generate_leonmap_mesh_icd10_mapping.py	leonmap	0.1.0	2026-07-31	0.94132
icd10:E26.1	Secondary hyperaldosteronism	skos:closeMatch	mesh:C580087	Familial Hyperaldosteronism	semapv:SemanticSimilarity	2019	2025	https://github.com/gyorilab/mapnet/blob/main/scripts/generate_leonmap_mesh_icd10_mapping.py	leonmap	0.1.0	2026-07-31	0.941971
icd10:E46	Unspecified protein-energy malnutrition	skos:closeMatch	mesh:D011502	Protein-Energy Malnutrition	semapv:SemanticSimilarity	2019	2025	https://github.com/gyorilab/mapnet/blob/main/scripts/generate_leonmap_mesh_icd10_mapping.py	leonmap	0.1.0	2026-07-31	0.945992
icd10:E50-E64	Other nutritional deficiencies	skos:closeMatch	mesh:D009748	Nutrition Disorders	semapv:SemanticSimilarity	2019	2025	https://github.com/gyorilab/mapnet/blob/main/scripts/generate_leonmap_mesh_icd10_mapping.py	leonmap	0.1.0	2026-07-31	0.915432
icd10:E61.5	Molybdenum deficiency	skos:closeMatch	mesh:C535811	Molybdenum cofactor deficiency	semapv:SemanticSimilarity	2019	2025	https://github.com/gyorilab/mapnet/blob/main/scripts/generate_leonmap_mesh_icd10_mapping.py	leonmap	0.1.0	2026-07-31	0.969386
icd10:E74.1	Disorders of fructose metabolism	skos:closeMatch	mesh:D015318	Fructose Metabolism, Inborn Errors	semapv:SemanticSimilarity	2019	2025	https://github.com/gyorilab/mapnet/blob/main/scripts/generate_leonmap_mesh_icd10_mapping.py	leonmap	0.1.0	2026-07-31	0.912544
icd10:E75.0	GM	skos:closeMatch	mesh:C012335	Gm(m)	semapv:SemanticSimilarity	2019	2025	https://github.com/gyorilab/mapnet/blob/main/scripts/generate_leonmap_mesh_icd10_mapping.py	leonmap	0.1.0	2026-07-31	0.915375
icd10:E76.2	Other mucopolysaccharidoses	skos:closeMatch	mesh:C562442	Mucopolysaccharidoses, Unclassified Types	semapv:SemanticSimilarity	2019	2025	https://github.com/gyorilab/mapnet/blob/main/scripts/generate_leonmap_mesh_icd10_mapping.py	leonmap	0.1.0	2026-07-31	0.901657
icd10:E78.0	Pure hypercholesterolaemia	skos:closeMatch	mesh:C538646	High serum cholesterol, familial	semapv:SemanticSimilarity	2019	2025	https://github.com/gyorilab/mapnet/blob/main/scripts/generate_leonmap_mesh_icd10_mapping.py	leonmap	0.1.0	2026-07-31	0.900697
icd10:E78.4	Other hyperlipidaemia	skos:closeMatch	mesh:D006949	Hyperlipidemias	semapv:SemanticSimilarity	2019	2025	https://github.com/gyorilab/mapnet/blob/main/scripts/generate_leonmap_mesh_icd10_mapping.py	leonmap	0.1.0	2026-07-31	0.919293
icd10:E78.6	Lipoprotein deficiency	skos:closeMatch	mesh:D052456	Hypoalphalipoproteinemias	semapv:SemanticSimilarity	2019	2025	https://github.com/gyorilab/mapnet/blob/main/scripts/generate_leonmap_mesh_icd10_mapping.py	leonmap	0.1.0	2026-07-31	0.907945
icd10:E85.1	Neuropathic heredofamilial amyloidosis	skos:closeMatch	mesh:C000718787	AA amyloidosis	semapv:SemanticSimilarity	2019	2025	https://github.com/gyorilab/mapnet/blob/main/scripts/generate_leonmap_mesh_icd10_mapping.py	leonmap	0.1.0	2026-07-31	0.916619
icd10:E85.2	Heredofamilial amyloidosis, unspecified	skos:closeMatch	mesh:C562642	Amyloidosis, Primary Cutaneous	semapv:SemanticSimilarity	2019	2025	https://github.com/gyorilab/mapnet/blob/main/scripts/generate_leonmap_mesh_icd10_mapping.py	leonmap	0.1.0	2026-07-31	0.915175
icd10:E87.1	Hypo-osmolality and hyponatraemia	skos:closeMatch	mesh:D007010	Hyponatremia	semapv:SemanticSimilarity	2019	2025	https://github.com/gyorilab/mapnet/blob/main/scripts/generate_leonmap_mesh_icd10_mapping.py	leonmap	0.1.0	2026-07-31	0.901072
icd10:E88.2	Lipomatosis, not elsewhere classified	skos:closeMatch	mesh:D008068	Lipomatosis	semapv:SemanticSimilarity	2019	2025	https://github.com/gyorilab/mapnet/blob/main/scripts/generate_leonmap_mesh_icd10_mapping.py	leonmap	0.1.0	2026-07-31	0.913129
icd10:F00.2	Dementia in Alzheimer disease, atypical or mixed type	skos:closeMatch	mesh:C536599	Alzheimer's disease without Neurofibrillary tangles	semapv:SemanticSimilarity	2019	2025	https://github.com/gyorilab/mapnet/blob/main/scripts/generate_leonmap_mesh_icd10_mapping.py	leonmap	0.1.0	2026-07-31	0.904654
icd10:F02.1	Dementia in Creutzfeldt-Jakob disease	skos:closeMatch	mesh:C565143	Creutzfeldt-Jakob Disease, Sporadic	semapv:SemanticSimilarity	2019	2025	https://github.com/gyorilab/mapnet/blob/main/scripts/generate_leonmap_mesh_icd10_mapping.py	leonmap	0.1.0	2026-07-31	0.900631
icd10:F05.0	Delirium not superimposed on dementia, so described	skos:closeMatch	mesh:D003693	Delirium	semapv:SemanticSimilarity	2019	2025	https://github.com/gyorilab/mapnet/blob/main/scripts/generate_leonmap_mesh_icd10_mapping.py	leonmap	0.1.0	2026-07-31	0.903765
icd10:F10.8	Mental and behavioural disorders due to use of alcohol : other mental and behavioural disorders	skos:closeMatch	mesh:D020751	Alcohol-Induced Disorders	semapv:SemanticSimilarity	2019	2025	https://github.com/gyorilab/mapnet/blob/main/scripts/generate_leonmap_mesh_icd10_mapping.py	leonmap	0.1.0	2026-07-31	0.903049
icd10:F30-F39	Mood [affective] disorders	skos:closeMatch	mesh:D019964	Mood Disorders	semapv:SemanticSimilarity	2019	2025	https://github.com/gyorilab/mapnet/blob/main/scripts/generate_leonmap_mesh_icd10_mapping.py	leonmap	0.1.0	2026-07-31	0.920289
icd10:F48.1	Depersonalization-derealization syndrome	skos:closeMatch	mesh:D003861	Depersonalization	semapv:SemanticSimilarity	2019	2025	https://github.com/gyorilab/mapnet/blob/main/scripts/generate_leonmap_mesh_icd10_mapping.py	leonmap	0.1.0	2026-07-31	0.903922
icd10:F52.9	Unspecified sexual dysfunction, not caused by organic disorder or disease	skos:closeMatch	mesh:D012735	Sexual Dysfunction, Physiological	semapv:SemanticSimilarity	2019	2025	https://github.com/gyorilab/mapnet/blob/main/scripts/generate_leonmap_mesh_icd10_mapping.py	leonmap	0.1.0	2026-07-31	0.903159
icd10:G00.8	Other bacterial meningitis	skos:closeMatch	mesh:D016920	Meningitis, Bacterial	semapv:SemanticSimilarity	2019	2025	https://github.com/gyorilab/mapnet/blob/main/scripts/generate_leonmap_mesh_icd10_mapping.py	leonmap	0.1.0	2026-07-31	0.900832
icd10:G04	Encephalitis, myelitis and encephalomyelitis	skos:closeMatch	mesh:D004679	Encephalomyelitis	semapv:SemanticSimilarity	2019	2025	https://github.com/gyorilab/mapnet/blob/main/scripts/generate_leonmap_mesh_icd10_mapping.py	leonmap	0.1.0	2026-07-31	0.906606
icd10:G12.9	Spinal muscular atrophy, unspecified	skos:closeMatch	mesh:C566670	Spinal Muscular Atrophy, Segmental	semapv:SemanticSimilarity	2019	2025	https://github.com/gyorilab/mapnet/blob/main/scripts/generate_leonmap_mesh_icd10_mapping.py	leonmap	0.1.0	2026-07-31	0.92196
icd10:G54.7	Phantom limb syndrome without pain	skos:closeMatch	mesh:D010591	Phantom Limb	semapv:SemanticSimilarity	2019	2025	https://github.com/gyorilab/mapnet/blob/main/scripts/generate_leonmap_mesh_icd10_mapping.py	leonmap	0.1.0	2026-07-31	0.911324
icd10:G60	Hereditary and idiopathic neuropathy	skos:closeMatch	mesh:C548028	Inherited Peripheral Neuropathy	semapv:SemanticSimilarity	2019	2025	https://github.com/gyorilab/mapnet/blob/main/scripts/generate_leonmap_mesh_icd10_mapping.py	leonmap	0.1.0	2026-07-31	0.915254
icd10:G70.2	Congenital and developmental myasthenia	skos:closeMatch	mesh:C563831	Myasthenic Syndrome, Congenital, Ie	semapv:SemanticSimilarity	2019	2025	https://github.com/gyorilab/mapnet/blob/main/scripts/generate_leonmap_mesh_icd10_mapping.py	leonmap	0.1.0	2026-07-31	0.905224
icd10:G72.4	Inflammatory myopathy, not elsewhere classified	skos:closeMatch	mesh:C000598744	Idiopathic inflammatory myopathy, familial	semapv:SemanticSimilarity	2019	2025	https://github.com/gyorilab/mapnet/blob/main/scripts/generate_leonmap_mesh_icd10_mapping.py	leonmap	0.1.0	2026-07-31	0.902254
icd10:G72.9	Myopathy, unspecified	skos:closeMatch	mesh:C580316	Myofibrillar Myopathy	semapv:SemanticSimilarity	2019	2025	https://github.com/gyorilab/mapnet/blob/main/scripts/generate_leonmap_mesh_icd10_mapping.py	leonmap	0.1.0	2026-07-31	0.903482
icd10:G99	Other disorders of nervous system in diseases classified elsewhere	skos:closeMatch	mesh:D009422	Nervous System Diseases	semapv:SemanticSimilarity	2019	2025	https://github.com/gyorilab/mapnet/blob/main/scripts/generate_leonmap_mesh_icd10_mapping.py	leonmap	0.1.0	2026-07-31	0.910404
icd10:H02	Other disorders of eyelid	skos:closeMatch	mesh:D005141	Eyelid Diseases	semapv:SemanticSimilarity	2019	2025	https://github.com/gyorilab/mapnet/blob/main/scripts/generate_leonmap_mesh_icd10_mapping.py	leonmap	0.1.0	2026-07-31	0.913412
icd10:H02.1	Ectropion of eyelid	skos:closeMatch	mesh:D004483	Ectropion	semapv:SemanticSimilarity	2019	2025	https://github.com/gyorilab/mapnet/blob/main/scripts/generate_leonmap_mesh_icd10_mapping.py	leonmap	0.1.0	2026-07-31	0.904341
icd10:H02.3	Blepharochalasis	skos:closeMatch	mesh:C566223	Blepharochalasis, Superior	semapv:SemanticSimilarity	2019	2025	https://github.com/gyorilab/mapnet/blob/main/scripts/generate_leonmap_mesh_icd10_mapping.py	leonmap	0.1.0	2026-07-31	0.907552
icd10:H06.3	Other disorders of orbit in diseases classified elsewhere	skos:closeMatch	mesh:D009916	Orbital Diseases	semapv:SemanticSimilarity	2019	2025	https://github.com/gyorilab/mapnet/blob/main/scripts/generate_leonmap_mesh_icd10_mapping.py	leonmap	0.1.0	2026-07-31	0.909677
icd10:H11	Other disorders of conjunctiva	skos:closeMatch	mesh:D003229	Conjunctival Diseases	semapv:SemanticSimilarity	2019	2025	https://github.com/gyorilab/mapnet/blob/main/scripts/generate_leonmap_mesh_icd10_mapping.py	leonmap	0.1.0	2026-07-31	0.901678
icd10:H25	Senile cataract	skos:closeMatch	mesh:C563426	Cataract, Pulverulent	semapv:SemanticSimilarity	2019	2025	https://github.com/gyorilab/mapnet/blob/main/scripts/generate_leonmap_mesh_icd10_mapping.py	leonmap	0.1.0	2026-07-31	0.901631
icd10:H25.1	Senile nuclear cataract	skos:closeMatch	mesh:C563333	Cataract, Age-Related Nuclear	semapv:SemanticSimilarity	2019	2025	https://github.com/gyorilab/mapnet/blob/main/scripts/generate_leonmap_mesh_icd10_mapping.py	leonmap	0.1.0	2026-07-31	0.913835
icd10:H26.0	Infantile, juvenile and presenile cataract	skos:closeMatch	mesh:C566955	Cataract, Cortical, Juvenile-Onset	semapv:SemanticSimilarity	2019	2025	https://github.com/gyorilab/mapnet/blob/main/scripts/generate_leonmap_mesh_icd10_mapping.py	leonmap	0.1.0	2026-07-31	0.913849
icd10:H28.8	Other disorders of lens in diseases classified elsewhere	skos:closeMatch	mesh:D007905	Lens Diseases	semapv:SemanticSimilarity	2019	2025	https://github.com/gyorilab/mapnet/blob/main/scripts/generate_leonmap_mesh_icd10_mapping.py	leonmap	0.1.0	2026-07-31	0.908541
icd10:H35	Other retinal disorders	skos:closeMatch	mesh:D012164	Retinal Diseases	semapv:SemanticSimilarity	2019	2025	https://github.com/gyorilab/mapnet/blob/main/scripts/generate_leonmap_mesh_icd10_mapping.py	leonmap	0.1.0	2026-07-31	0.933338
icd10:H45.0	Vitreous haemorrhage in diseases classified elsewhere	skos:closeMatch	mesh:D014823	Vitreous Hemorrhage	semapv:SemanticSimilarity	2019	2025	https://github.com/gyorilab/mapnet/blob/main/scripts/generate_leonmap_mesh_icd10_mapping.py	leonmap	0.1.0	2026-07-31	0.922369
icd10:H45.1	Endophthalmitis in diseases classified elsewhere	skos:closeMatch	mesh:D009877	Endophthalmitis	semapv:SemanticSimilarity	2019	2025	https://github.com/gyorilab/mapnet/blob/main/scripts/generate_leonmap_mesh_icd10_mapping.py	leonmap	0.1.0	2026-07-31	0.907208
icd10:H90.8	Mixed conductive and sensorineural hearing loss, unspecified	skos:closeMatch	mesh:D046089	Hearing Loss, Mixed Conductive-Sensorineural	semapv:SemanticSimilarity	2019	2025	https://github.com/gyorilab/mapnet/blob/main/scripts/generate_leonmap_mesh_icd10_mapping.py	leonmap	0.1.0	2026-07-31	0.90131
icd10:I10-I15	Hypertensive diseases	skos:closeMatch	mesh:C072778	hypertensive factor	semapv:SemanticSimilarity	2019	2025	https://github.com/gyorilab/mapnet/blob/main/scripts/generate_leonmap_mesh_icd10_mapping.py	leonmap	0.1.0	2026-07-31	0.909375
icd10:I21.4	Acute subendocardial myocardial infarction	skos:closeMatch	mesh:D000072658	Non-ST Elevated Myocardial Infarction	semapv:SemanticSimilarity	2019	2025	https://github.com/gyorilab/mapnet/blob/main/scripts/generate_leonmap_mesh_icd10_mapping.py	leonmap	0.1.0	2026-07-31	0.908624
icd10:I28.0	Arteriovenous fistula of pulmonary vessels	skos:closeMatch	mesh:C562404	Pulmonary Arteriovenous Fistulas	semapv:SemanticSimilarity	2019	2025	https://github.com/gyorilab/mapnet/blob/main/scripts/generate_leonmap_mesh_icd10_mapping.py	leonmap	0.1.0	2026-07-31	0.978857
icd10:I30-I52	Other forms of heart disease	skos:closeMatch	mesh:D006331	Heart Diseases	semapv:SemanticSimilarity	2019	2025	https://github.com/gyorilab/mapnet/blob/main/scripts/generate_leonmap_mesh_icd10_mapping.py	leonmap	0.1.0	2026-07-31	0.90905
icd10:I60.7	Subarachnoid haemorrhage from intracranial artery, unspecified	skos:closeMatch	mesh:C566284	Aneurysm, Intracranial Berry, 1	semapv:SemanticSimilarity	2019	2025	https://github.com/gyorilab/mapnet/blob/main/scripts/generate_leonmap_mesh_icd10_mapping.py	leonmap	0.1.0	2026-07-31	0.903053
icd10:I71.6	Thoracoabdominal aortic aneurysm, without mention of rupture	skos:closeMatch	mesh:D000094624	Aortic Aneurysm, Thoracoabdominal	semapv:SemanticSimilarity	2019	2025	https://github.com/gyorilab/mapnet/blob/main/scripts/generate_leonmap_mesh_icd10_mapping.py	leonmap	0.1.0	2026-07-31	0.901384
icd10:I71.9	Aortic aneurysm of unspecified site, without mention of rupture	skos:closeMatch	mesh:D001014	Aortic Aneurysm	semapv:SemanticSimilarity	2019	2025	https://github.com/gyorilab/mapnet/blob/main/scripts/generate_leonmap_mesh_icd10_mapping.py	leonmap	0.1.0	2026-07-31	0.919227
icd10:I74.9	Embolism and thrombosis of unspecified artery	skos:closeMatch	mesh:D016769	Embolism and Thrombosis	semapv:SemanticSimilarity	2019	2025	https://github.com/gyorilab/mapnet/blob/main/scripts/generate_leonmap_mesh_icd10_mapping.py	leonmap	0.1.0	2026-07-31	0.911882
icd10:I77.6	Arteritis, unspecified	skos:closeMatch	mesh:D001025	Aortitis	semapv:SemanticSimilarity	2019	2025	https://github.com/gyorilab/mapnet/blob/main/scripts/generate_leonmap_mesh_icd10_mapping.py	leonmap	0.1.0	2026-07-31	0.921337
icd10:I82.9	Embolism and thrombosis of unspecified vein	skos:closeMatch	mesh:D054556	Venous Thromboembolism	semapv:SemanticSimilarity	2019	2025	https://github.com/gyorilab/mapnet/blob/main/scripts/generate_leonmap_mesh_icd10_mapping.py	leonmap	0.1.0	2026-07-31	0.911699
icd10:I88	Nonspecific lymphadenitis	skos:closeMatch	mesh:D008199	Lymphadenitis	semapv:SemanticSimilarity	2019	2025	https://github.com/gyorilab/mapnet/blob/main/scripts/generate_leonmap_mesh_icd10_mapping.py	leonmap	0.1.0	2026-07-31	0.907705
icd10:I88.0	Nonspecific mesenteric lymphadenitis	skos:closeMatch	mesh:D008640	Mesenteric Lymphadenitis	semapv:SemanticSimilarity	2019	2025	https://github.com/gyorilab/mapnet/blob/main/scripts/generate_leonmap_mesh_icd10_mapping.py	leonmap	0.1.0	2026-07-31	0.960097
icd10:J17.0	Pneumonia in bacterial diseases classified elsewhere	skos:closeMatch	mesh:D018410	Pneumonia, Bacterial	semapv:SemanticSimilarity	2019	2025	https://github.com/gyorilab/mapnet/blob/main/scripts/generate_leonmap_mesh_icd10_mapping.py	leonmap	0.1.0	2026-07-31	0.904699
icd10:J17.1	Pneumonia in viral diseases classified elsewhere	skos:closeMatch	mesh:D011024	Pneumonia, Viral	semapv:SemanticSimilarity	2019	2025	https://github.com/gyorilab/mapnet/blob/main/scripts/generate_leonmap_mesh_icd10_mapping.py	leonmap	0.1.0	2026-07-31	0.904891
icd10:J30.3	Other allergic rhinitis	skos:closeMatch	mesh:D065631	Rhinitis, Allergic	semapv:SemanticSimilarity	2019	2025	https://github.com/gyorilab/mapnet/blob/main/scripts/generate_leonmap_mesh_icd10_mapping.py	leonmap	0.1.0	2026-07-31	0.900905
icd10:J42	Unspecified chronic bronchitis	skos:closeMatch	mesh:D029481	Bronchitis, Chronic	semapv:SemanticSimilarity	2019	2025	https://github.com/gyorilab/mapnet/blob/main/scripts/generate_leonmap_mesh_icd10_mapping.py	leonmap	0.1.0	2026-07-31	0.906801
icd10:J62.8	Pneumoconiosis due to other dust containing silica	skos:closeMatch	mesh:D012829	Silicosis	semapv:SemanticSimilarity	2019	2025	https://github.com/gyorilab/mapnet/blob/main/scripts/generate_leonmap_mesh_icd10_mapping.py	leonmap	0.1.0	2026-07-31	0.912128
icd10:J82	Pulmonary eosinophilia, not elsewhere classified	skos:closeMatch	mesh:D011657	Pulmonary Eosinophilia	semapv:SemanticSimilarity	2019	2025	https://github.com/gyorilab/mapnet/blob/main/scripts/generate_leonmap_mesh_icd10_mapping.py	leonmap	0.1.0	2026-07-31	0.921626
icd10:J85.2	Abscess of lung without pneumonia	skos:closeMatch	mesh:D008169	Lung Abscess	semapv:SemanticSimilarity	2019	2025	https://github.com/gyorilab/mapnet/blob/main/scripts/generate_leonmap_mesh_icd10_mapping.py	leonmap	0.1.0	2026-07-31	0.902827
icd10:J90	Pleural effusion, not elsewhere classified	skos:closeMatch	mesh:D010996	Pleural Effusion	semapv:SemanticSimilarity	2019	2025	https://github.com/gyorilab/mapnet/blob/main/scripts/generate_leonmap_mesh_icd10_mapping.py	leonmap	0.1.0	2026-07-31	0.931058
icd10:J94.2	Haemothorax	skos:closeMatch	mesh:D006468	Hemopneumothorax	semapv:SemanticSimilarity	2019	2025	https://github.com/gyorilab/mapnet/blob/main/scripts/generate_leonmap_mesh_icd10_mapping.py	leonmap	0.1.0	2026-07-31	0.921898
icd10:J95-J99	Other diseases of the respiratory system	skos:closeMatch	mesh:D012120	Respiration Disorders	semapv:SemanticSimilarity	2019	2025	https://github.com/gyorilab/mapnet/blob/main/scripts/generate_leonmap_mesh_icd10_mapping.py	leonmap	0.1.0	2026-07-31	0.903787
icd10:K09.2	Other cysts of jaw	skos:closeMatch	mesh:D007570	Jaw Cysts	semapv:SemanticSimilarity	2019	2025	https://github.com/gyorilab/mapnet/blob/main/scripts/generate_leonmap_mesh_icd10_mapping.py	leonmap	0.1.0	2026-07-31	0.905198
icd10:K10.9	Disease of jaws, unspecified	skos:closeMatch	mesh:D007571	Jaw Diseases	semapv:SemanticSimilarity	2019	2025	https://github.com/gyorilab/mapnet/blob/main/scripts/generate_leonmap_mesh_icd10_mapping.py	leonmap	0.1.0	2026-07-31	0.919471
icd10:K29.4	Chronic atrophic gastritis	skos:closeMatch	mesh:D005757	Gastritis, Atrophic	semapv:SemanticSimilarity	2019	2025	https://github.com/gyorilab/mapnet/blob/main/scripts/generate_leonmap_mesh_icd10_mapping.py	leonmap	0.1.0	2026-07-31	0.904598
icd10:K29.7	Gastritis, unspecified	skos:closeMatch	mesh:D005756	Gastritis	semapv:SemanticSimilarity	2019	2025	https://github.com/gyorilab/mapnet/blob/main/scripts/generate_leonmap_mesh_icd10_mapping.py	leonmap	0.1.0	2026-07-31	0.906278
icd10:K35.2	Acute appendicitis with generalized peritonitis	skos:closeMatch	mesh:D001064	Appendicitis	semapv:SemanticSimilarity	2019	2025	https://github.com/gyorilab/mapnet/blob/main/scripts/generate_leonmap_mesh_icd10_mapping.py	leonmap	0.1.0	2026-07-31	0.904755
icd10:K46.9	Unspecified abdominal hernia without obstruction or gangrene	skos:closeMatch	mesh:D046449	Hernia, Abdominal	semapv:SemanticSimilarity	2019	2025	https://github.com/gyorilab/mapnet/blob/main/scripts/generate_leonmap_mesh_icd10_mapping.py	leonmap	0.1.0	2026-07-31	0.914755
icd10:K50	Crohn disease [regional enteritis]	skos:closeMatch	mesh:D015212	Inflammatory Bowel Diseases	semapv:SemanticSimilarity	2019	2025	https://github.com/gyorilab/mapnet/blob/main/scripts/generate_leonmap_mesh_icd10_mapping.py	leonmap	0.1.0	2026-07-31	0.902623
icd10:K57.1	Diverticular disease of small intestine without perforation or abscess	skos:closeMatch	mesh:C565620	Diverticulosis, Small Intestinal	semapv:SemanticSimilarity	2019	2025	https://github.com/gyorilab/mapnet/blob/main/scripts/generate_leonmap_mesh_icd10_mapping.py	leonmap	0.1.0	2026-07-31	0.901465
icd10:K57.9	Diverticular disease of intestine, part unspecified, without perforation or abscess	skos:closeMatch	mesh:D000076385	Diverticular Diseases	semapv:SemanticSimilarity	2019	2025	https://github.com/gyorilab/mapnet/blob/main/scripts/generate_leonmap_mesh_icd10_mapping.py	leonmap	0.1.0	2026-07-31	0.92827
icd10:K59.3	Megacolon, not elsewhere classified	skos:closeMatch	mesh:D008531	Megacolon	semapv:SemanticSimilarity	2019	2025	https://github.com/gyorilab/mapnet/blob/main/scripts/generate_leonmap_mesh_icd10_mapping.py	leonmap	0.1.0	2026-07-31	0.945277
icd10:K62.9	Disease of anus and rectum, unspecified	skos:closeMatch	mesh:D001004	Anus Diseases	semapv:SemanticSimilarity	2019	2025	https://github.com/gyorilab/mapnet/blob/main/scripts/generate_leonmap_mesh_icd10_mapping.py	leonmap	0.1.0	2026-07-31	0.908566
icd10:K63.9	Disease of intestine, unspecified	skos:closeMatch	mesh:D007410	Intestinal Diseases	semapv:SemanticSimilarity	2019	2025	https://github.com/gyorilab/mapnet/blob/main/scripts/generate_leonmap_mesh_icd10_mapping.py	leonmap	0.1.0	2026-07-31	0.904717
icd10:K65-K67	Diseases of peritoneum	skos:closeMatch	mesh:D010532	Peritoneal Diseases	semapv:SemanticSimilarity	2019	2025	https://github.com/gyorilab/mapnet/blob/main/scripts/generate_leonmap_mesh_icd10_mapping.py	leonmap	0.1.0	2026-07-31	0.900362
icd10:K66.1	Haemoperitoneum	skos:closeMatch	mesh:D006465	Hemoperitoneum	semapv:SemanticSimilarity	2019	2025	https://github.com/gyorilab/mapnet/blob/main/scripts/generate_leonmap_mesh_icd10_mapping.py	leonmap	0.1.0	2026-07-31	0.910861
icd10:K72	Hepatic failure, not elsewhere classified	skos:closeMatch	mesh:D008107	Liver Diseases	semapv:SemanticSimilarity	2019	2025	https://github.com/gyorilab/mapnet/blob/main/scripts/generate_leonmap_mesh_icd10_mapping.py	leonmap	0.1.0	2026-07-31	0.900955
icd10:K74.5	Biliary cirrhosis, unspecified	skos:closeMatch	mesh:C538544	Familial primary biliary cirrhosis	semapv:SemanticSimilarity	2019	2025	https://github.com/gyorilab/mapnet/blob/main/scripts/generate_leonmap_mesh_icd10_mapping.py	leonmap	0.1.0	2026-07-31	0.92344
icd10:K74.6	Other and unspecified cirrhosis of liver	skos:closeMatch	mesh:C566123	Cirrhosis, Familial	semapv:SemanticSimilarity	2019	2025	https://github.com/gyorilab/mapnet/blob/main/scripts/generate_leonmap_mesh_icd10_mapping.py	leonmap	0.1.0	2026-07-31	0.911909
icd10:K75.9	Inflammatory liver disease, unspecified	skos:closeMatch	mesh:D006505	Hepatitis	semapv:SemanticSimilarity	2019	2025	https://github.com/gyorilab/mapnet/blob/main/scripts/generate_leonmap_mesh_icd10_mapping.py	leonmap	0.1.0	2026-07-31	0.930615
icd10:K83	Other diseases of biliary tract	skos:closeMatch	mesh:D001660	Biliary Tract Diseases	semapv:SemanticSimilarity	2019	2025	https://github.com/gyorilab/mapnet/blob/main/scripts/generate_leonmap_mesh_icd10_mapping.py	leonmap	0.1.0	2026-07-31	0.911679
icd10:L10.9	Pemphigus, unspecified	skos:closeMatch	mesh:C536645	Pemphigus vulgaris, familial	semapv:SemanticSimilarity	2019	2025	https://github.com/gyorilab/mapnet/blob/main/scripts/generate_leonmap_mesh_icd10_mapping.py	leonmap	0.1.0	2026-07-31	0.925483
icd10:L11.1	Transient acantholytic dermatosis [Grover]	skos:closeMatch	mesh:C537306	Grover's disease	semapv:SemanticSimilarity	2019	2025	https://github.com/gyorilab/mapnet/blob/main/scripts/generate_leonmap_mesh_icd10_mapping.py	leonmap	0.1.0	2026-07-31	0.942485
icd10:L20.8	Other atopic dermatitis	skos:closeMatch	mesh:C566404	Dermatitis, Atopic, 1	semapv:SemanticSimilarity	2019	2025	https://github.com/gyorilab/mapnet/blob/main/scripts/generate_leonmap_mesh_icd10_mapping.py	leonmap	0.1.0	2026-07-31	0.917709
icd10:L43.9	Lichen planus, unspecified	skos:closeMatch	mesh:C563624	Lichen Planus, Familial	semapv:SemanticSimilarity	2019	2025	https://github.com/gyorilab/mapnet/blob/main/scripts/generate_leonmap_mesh_icd10_mapping.py	leonmap	0.1.0	2026-07-31	0.928851
icd10:L53.1	Erythema annulare centrifugum	skos:closeMatch	mesh:C562461	Annular Erythema	semapv:SemanticSimilarity	2019	2025	https://github.com/gyorilab/mapnet/blob/main/scripts/generate_leonmap_mesh_icd10_mapping.py	leonmap	0.1.0	2026-07-31	0.910967
icd10:L68.2	Localized hypertrichosis	skos:closeMatch	mesh:C565029	Facial Hypertrichosis	semapv:SemanticSimilarity	2019	2025	https://github.com/gyorilab/mapnet/blob/main/scripts/generate_leonmap_mesh_icd10_mapping.py	leonmap	0.1.0	2026-07-31	0.912557
icd10:L70.9	Acne, unspecified	skos:closeMatch	mesh:C565791	Acne, Adult	semapv:SemanticSimilarity	2019	2025	https://github.com/gyorilab/mapnet/blob/main/scripts/generate_leonmap_mesh_icd10_mapping.py	leonmap	0.1.0	2026-07-31	0.90181
icd10:L74.9	Eccrine sweat disorder, unspecified	skos:closeMatch	mesh:D013543	Sweat Gland Diseases	semapv:SemanticSimilarity	2019	2025	https://github.com/gyorilab/mapnet/blob/main/scripts/generate_leonmap_mesh_icd10_mapping.py	leonmap	0.1.0	2026-07-31	0.912377
icd10:L80-L99	Other disorders of the skin and subcutaneous tissue	skos:closeMatch	mesh:D012871	Skin Diseases	semapv:SemanticSimilarity	2019	2025	https://github.com/gyorilab/mapnet/blob/main/scripts/generate_leonmap_mesh_icd10_mapping.py	leonmap	0.1.0	2026-07-31	0.912463
icd10:L87.1	Reactive perforating collagenosis	skos:closeMatch	mesh:C565687	Collagenosis, Familial Reactive Perforating	semapv:SemanticSimilarity	2019	2025	https://github.com/gyorilab/mapnet/blob/main/scripts/generate_leonmap_mesh_icd10_mapping.py	leonmap	0.1.0	2026-07-31	0.961121
icd10:M08.4	Pauciarticular juvenile arthritis	skos:closeMatch	mesh:C536312	Juvenile pauciarticular chronic arthritis	semapv:SemanticSimilarity	2019	2025	https://github.com/gyorilab/mapnet/blob/main/scripts/generate_leonmap_mesh_icd10_mapping.py	leonmap	0.1.0	2026-07-31	0.930275
icd10:M11.1	Familial chondrocalcinosis	skos:closeMatch	mesh:C535938	Chondrocalcinosis 1	semapv:SemanticSimilarity	2019	2025	https://github.com/gyorilab/mapnet/blob/main/scripts/generate_leonmap_mesh_icd10_mapping.py	leonmap	0.1.0	2026-07-31	0.90456
icd10:M13.0	Polyarthritis, unspecified	skos:closeMatch	mesh:D001168	Arthritis	semapv:SemanticSimilarity	2019	2025	https://github.com/gyorilab/mapnet/blob/main/scripts/generate_leonmap_mesh_icd10_mapping.py	leonmap	0.1.0	2026-07-31	0.90246
icd10:M22.0	Recurrent dislocation of patella	skos:closeMatch	mesh:C566816	Patella, Familial Recurrent Dislocation Of	semapv:SemanticSimilarity	2019	2025	https://github.com/gyorilab/mapnet/blob/main/scripts/generate_leonmap_mesh_icd10_mapping.py	leonmap	0.1.0	2026-07-31	0.92765
icd10:M24.6	Ankylosis of joint	skos:closeMatch	mesh:D000844	Ankylosis	semapv:SemanticSimilarity	2019	2025	https://github.com/gyorilab/mapnet/blob/main/scripts/generate_leonmap_mesh_icd10_mapping.py	leonmap	0.1.0	2026-07-31	0.923251
icd10:M30.2	Juvenile polyarteritis	skos:closeMatch	mesh:C537014	Infantile polyarteritis	semapv:SemanticSimilarity	2019	2025	https://github.com/gyorilab/mapnet/blob/main/scripts/generate_leonmap_mesh_icd10_mapping.py	leonmap	0.1.0	2026-07-31	0.942715
icd10:M31.5	Giant cell arteritis with polymyalgia rheumatica	skos:closeMatch	mesh:C538533	Juvenile giant cell arteritis	semapv:SemanticSimilarity	2019	2025	https://github.com/gyorilab/mapnet/blob/main/scripts/generate_leonmap_mesh_icd10_mapping.py	leonmap	0.1.0	2026-07-31	0.914935
icd10:M32.0	Drug-induced systemic lupus erythematosus	skos:closeMatch	mesh:C000730515	drug-induced lupus	semapv:SemanticSimilarity	2019	2025	https://github.com/gyorilab/mapnet/blob/main/scripts/generate_leonmap_mesh_icd10_mapping.py	leonmap	0.1.0	2026-07-31	0.922222
icd10:M33.1	Other dermatomyositis	skos:closeMatch	mesh:C538250	Amyopathic dermatomyositis	semapv:SemanticSimilarity	2019	2025	https://github.com/gyorilab/mapnet/blob/main/scripts/generate_leonmap_mesh_icd10_mapping.py	leonmap	0.1.0	2026-07-31	0.917024
icd10:M35.7	Hypermobility syndrome	skos:closeMatch	mesh:C535884	Joint laxity, familial	semapv:SemanticSimilarity	2019	2025	https://github.com/gyorilab/mapnet/blob/main/scripts/generate_leonmap_mesh_icd10_mapping.py	leonmap	0.1.0	2026-07-31	0.907994
icd10:M46.8	Other specified inflammatory spondylopathies	skos:closeMatch	mesh:D013166	Spondylitis	semapv:SemanticSimilarity	2019	2025	https://github.com/gyorilab/mapnet/blob/main/scripts/generate_leonmap_mesh_icd10_mapping.py	leonmap	0.1.0	2026-07-31	0.908404
icd10:M51.8	Other specified intervertebral disc disorders	skos:closeMatch	mesh:C535531	Intervertebral disc disease	semapv:SemanticSimilarity	2019	2025	https://github.com/gyorilab/mapnet/blob/main/scripts/generate_leonmap_mesh_icd10_mapping.py	leonmap	0.1.0	2026-07-31	0.902129
icd10:M72.2	Plantar fascial fibromatosis	skos:closeMatch	mesh:C565084	Plantar Fibromatosis, Familial	semapv:SemanticSimilarity	2019	2025	https://github.com/gyorilab/mapnet/blob/main/scripts/generate_leonmap_mesh_icd10_mapping.py	leonmap	0.1.0	2026-07-31	0.933876
icd10:M77.8	Other enthesopathies, not elsewhere classified	skos:closeMatch	mesh:D000070676	Enthesopathy	semapv:SemanticSimilarity	2019	2025	https://github.com/gyorilab/mapnet/blob/main/scripts/generate_leonmap_mesh_icd10_mapping.py	leonmap	0.1.0	2026-07-31	0.932747
icd10:M85.2	Hyperostosis of skull	skos:closeMatch	mesh:C537963	Calvarial hyperostosis	semapv:SemanticSimilarity	2019	2025	https://github.com/gyorilab/mapnet/blob/main/scripts/generate_leonmap_mesh_icd10_mapping.py	leonmap	0.1.0	2026-07-31	0.914097
icd10:M88.8	Paget disease of other bones	skos:closeMatch	mesh:C538098	Familial Paget's disease of bone	semapv:SemanticSimilarity	2019	2025	https://github.com/gyorilab/mapnet/blob/main/scripts/generate_leonmap_mesh_icd10_mapping.py	leonmap	0.1.0	2026-07-31	0.903037
icd10:N04.0	Nephrotic syndrome : minor glomerular abnormality	skos:closeMatch	mesh:C563805	Nephrotic Syndrome, Congenital, with or without Ocular Abnormalities	semapv:SemanticSimilarity	2019	2025	https://github.com/gyorilab/mapnet/blob/main/scripts/generate_leonmap_mesh_icd10_mapping.py	leonmap	0.1.0	2026-07-31	0.909752
icd10:N11	Chronic tubulo-interstitial nephritis	skos:closeMatch	mesh:C564016	Nephropathy, Chronic Tubulointerstitial	semapv:SemanticSimilarity	2019	2025	https://github.com/gyorilab/mapnet/blob/main/scripts/generate_leonmap_mesh_icd10_mapping.py	leonmap	0.1.0	2026-07-31	0.920246
icd10:N33	Bladder disorders in diseases classified elsewhere	skos:closeMatch	mesh:D001745	Urinary Bladder Diseases	semapv:SemanticSimilarity	2019	2025	https://github.com/gyorilab/mapnet/blob/main/scripts/generate_leonmap_mesh_icd10_mapping.py	leonmap	0.1.0	2026-07-31	0.903623
icd10:N34.1	Nonspecific urethritis	skos:closeMatch	mesh:D014526	Urethritis	semapv:SemanticSimilarity	2019	2025	https://github.com/gyorilab/mapnet/blob/main/scripts/generate_leonmap_mesh_icd10_mapping.py	leonmap	0.1.0	2026-07-31	0.919279
icd10:N37.8	Other urethral disorders in diseases classified elsewhere	skos:closeMatch	mesh:D014522	Urethral Diseases	semapv:SemanticSimilarity	2019	2025	https://github.com/gyorilab/mapnet/blob/main/scripts/generate_leonmap_mesh_icd10_mapping.py	leonmap	0.1.0	2026-07-31	0.902545
icd10:N51.0	Disorders of prostate in diseases classified elsewhere	skos:closeMatch	mesh:D011469	Prostatic Diseases	semapv:SemanticSimilarity	2019	2025	https://github.com/gyorilab/mapnet/blob/main/scripts/generate_leonmap_mesh_icd10_mapping.py	leonmap	0.1.0	2026-07-31	0.909822
icd10:N60.0	Solitary cyst of breast	skos:closeMatch	mesh:D047688	Breast Cyst	semapv:SemanticSimilarity	2019	2025	https://github.com/gyorilab/mapnet/blob/main/scripts/generate_leonmap_mesh_icd10_mapping.py	leonmap	0.1.0	2026-07-31	0.909971
icd10:N76.0	Acute vaginitis	skos:closeMatch	mesh:D014627	Vaginitis	semapv:SemanticSimilarity	2019	2025	https://github.com/gyorilab/mapnet/blob/main/scripts/generate_leonmap_mesh_icd10_mapping.py	leonmap	0.1.0	2026-07-31	0.926864
icd10:N85.7	Haematometra	skos:closeMatch	mesh:D006409	Hematometra	semapv:SemanticSimilarity	2019	2025	https://github.com/gyorilab/mapnet/blob/main/scripts/generate_leonmap_mesh_icd10_mapping.py	leonmap	0.1.0	2026-07-31	0.923074
icd10:N92.0	Excessive and frequent menstruation with regular cycle	skos:closeMatch	mesh:D008595	Menorrhagia	semapv:SemanticSimilarity	2019	2025	https://github.com/gyorilab/mapnet/blob/main/scripts/generate_leonmap_mesh_icd10_mapping.py	leonmap	0.1.0	2026-07-31	0.907912
icd10:N95.2	Postmenopausal atrophic vaginitis	skos:closeMatch	mesh:D059268	Atrophic Vaginitis	semapv:SemanticSimilarity	2019	2025	https://github.com/gyorilab/mapnet/blob/main/scripts/generate_leonmap_mesh_icd10_mapping.py	leonmap	0.1.0	2026-07-31	0.909536
icd10:P22.9	Respiratory distress of newborn, unspecified	skos:closeMatch	mesh:C566881	Respiratory Distress Syndrome In Premature Infants	semapv:SemanticSimilarity	2019	2025	https://github.com/gyorilab/mapnet/blob/main/scripts/generate_leonmap_mesh_icd10_mapping.py	leonmap	0.1.0	2026-07-31	0.902829
icd10:Q04.0	Congenital malformations of corpus callosum	skos:closeMatch	mesh:C536111	Partial agenesis of corpus callosum	semapv:SemanticSimilarity	2019	2025	https://github.com/gyorilab/mapnet/blob/main/scripts/generate_leonmap_mesh_icd10_mapping.py	leonmap	0.1.0	2026-07-31	0.916819
icd10:Q05.9	Spina bifida, unspecified	skos:closeMatch	mesh:C564459	Spina Bifida, X-Linked	semapv:SemanticSimilarity	2019	2025	https://github.com/gyorilab/mapnet/blob/main/scripts/generate_leonmap_mesh_icd10_mapping.py	leonmap	0.1.0	2026-07-31	0.904207
icd10:Q10.0	Congenital ptosis	skos:closeMatch	mesh:C566737	Ptosis, Hereditary Congenital 1	semapv:SemanticSimilarity	2019	2025	https://github.com/gyorilab/mapnet/blob/main/scripts/generate_leonmap_mesh_icd10_mapping.py	leonmap	0.1.0	2026-07-31	0.910979
icd10:Q10.4	Absence and agenesis of lacrimal apparatus	skos:closeMatch	mesh:C566703	Lacrimal Puncta, Absence of	semapv:SemanticSimilarity	2019	2025	https://github.com/gyorilab/mapnet/blob/main/scripts/generate_leonmap_mesh_icd10_mapping.py	leonmap	0.1.0	2026-07-31	0.905901
icd10:Q12.3	Congenital aphakia	skos:closeMatch	mesh:C537786	Aphakia, congenital primary	semapv:SemanticSimilarity	2019	2025	https://github.com/gyorilab/mapnet/blob/main/scripts/generate_leonmap_mesh_icd10_mapping.py	leonmap	0.1.0	2026-07-31	0.951301
icd10:Q20.0	Common arterial trunk	skos:closeMatch	mesh:D014338	Truncus Arteriosus	semapv:SemanticSimilarity	2019	2025	https://github.com/gyorilab/mapnet/blob/main/scripts/generate_leonmap_mesh_icd10_mapping.py	leonmap	0.1.0	2026-07-31	0.90846
icd10:Q30.1	Agenesis and underdevelopment of nose	skos:closeMatch	mesh:C537438	Arrhinia	semapv:SemanticSimilarity	2019	2025	https://github.com/gyorilab/mapnet/blob/main/scripts/generate_leonmap_mesh_icd10_mapping.py	leonmap	0.1.0	2026-07-31	0.914286
icd10:Q33.0	Congenital cystic lung	skos:closeMatch	mesh:C563237	Cystic Disease Of Lung	semapv:SemanticSimilarity	2019	2025	https://github.com/gyorilab/mapnet/blob/main/scripts/generate_leonmap_mesh_icd10_mapping.py	leonmap	0.1.0	2026-07-31	0.924466
icd10:Q40.0	Congenital hypertrophic pyloric stenosis	skos:closeMatch	mesh:C567435	Pyloric Stenosis, Infantile Hypertrophic, 3	semapv:SemanticSimilarity	2019	2025	https://github.com/gyorilab/mapnet/blob/main/scripts/generate_leonmap_mesh_icd10_mapping.py	leonmap	0.1.0	2026-07-31	0.900088
icd10:Q41.9	Congenital absence, atresia and stenosis of small intestine, part unspecified	skos:closeMatch	mesh:C538260	Atresia of small intestine	semapv:SemanticSimilarity	2019	2025	https://github.com/gyorilab/mapnet/blob/main/scripts/generate_leonmap_mesh_icd10_mapping.py	leonmap	0.1.0	2026-07-31	0.925956
icd10:Q44.0	Agenesis, aplasia and hypoplasia of gallbladder	skos:closeMatch	mesh:C562564	Gallbladder, Agenesis Of	semapv:SemanticSimilarity	2019	2025	https://github.com/gyorilab/mapnet/blob/main/scripts/generate_leonmap_mesh_icd10_mapping.py	leonmap	0.1.0	2026-07-31	0.924936
icd10:Q45.0	Agenesis, aplasia and hypoplasia of pancreas	skos:closeMatch	mesh:C564908	Pancreatic Agenesis, Congenital	semapv:SemanticSimilarity	2019	2025	https://github.com/gyorilab/mapnet/blob/main/scripts/generate_leonmap_mesh_icd10_mapping.py	leonmap	0.1.0	2026-07-31	0.919525
icd10:Q45.9	Congenital malformation of digestive system, unspecified	skos:closeMatch	mesh:D004065	Digestive System Abnormalities	semapv:SemanticSimilarity	2019	2025	https://github.com/gyorilab/mapnet/blob/main/scripts/generate_leonmap_mesh_icd10_mapping.py	leonmap	0.1.0	2026-07-31	0.900715
icd10:Q52.0	Congenital absence of vagina	skos:closeMatch	mesh:C536523	Vagina, absence of	semapv:SemanticSimilarity	2019	2025	https://github.com/gyorilab/mapnet/blob/main/scripts/generate_leonmap_mesh_icd10_mapping.py	leonmap	0.1.0	2026-07-31	0.939367
icd10:Q54.9	Hypospadias, unspecified	skos:closeMatch	mesh:C567191	Hypospadias 3, Autosomal	semapv:SemanticSimilarity	2019	2025	https://github.com/gyorilab/mapnet/blob/main/scripts/generate_leonmap_mesh_icd10_mapping.py	leonmap	0.1.0	2026-07-31	0.901724
icd10:Q62.5	Duplication of ureter	skos:closeMatch	mesh:C566012	Ureter, Bifid Or Double	semapv:SemanticSimilarity	2019	2025	https://github.com/gyorilab/mapnet/blob/main/scripts/generate_leonmap_mesh_icd10_mapping.py	leonmap	0.1.0	2026-07-31	0.902233
icd10:Q64.6	Congenital diverticulum of bladder	skos:closeMatch	mesh:C562406	Bladder Diverticulum	semapv:SemanticSimilarity	2019	2025	https://github.com/gyorilab/mapnet/blob/main/scripts/generate_leonmap_mesh_icd10_mapping.py	leonmap	0.1.0	2026-07-31	0.907703
icd10:Q65-Q79	Congenital malformations and deformations of the musculoskeletal system	skos:closeMatch	mesh:D009139	Musculoskeletal Abnormalities	semapv:SemanticSimilarity	2019	2025	https://github.com/gyorilab/mapnet/blob/main/scripts/generate_leonmap_mesh_icd10_mapping.py	leonmap	0.1.0	2026-07-31	0.910609
icd10:Q81.8	Other epidermolysis bullosa	skos:closeMatch	mesh:C564368	Epidermolysis Bullosa Simplex Superficialis	semapv:SemanticSimilarity	2019	2025	https://github.com/gyorilab/mapnet/blob/main/scripts/generate_leonmap_mesh_icd10_mapping.py	leonmap	0.1.0	2026-07-31	0.921601
icd10:Q82.9	Congenital malformation of skin, unspecified	skos:closeMatch	mesh:D012868	Skin Abnormalities	semapv:SemanticSimilarity	2019	2025	https://github.com/gyorilab/mapnet/blob/main/scripts/generate_leonmap_mesh_icd10_mapping.py	leonmap	0.1.0	2026-07-31	0.916225
icd10:R02	Gangrene, not elsewhere classified	skos:closeMatch	mesh:D005734	Gangrene	semapv:SemanticSimilarity	2019	2025	https://github.com/gyorilab/mapnet/blob/main/scripts/generate_leonmap_mesh_icd10_mapping.py	leonmap	0.1.0	2026-07-31	0.924032
icd10:R16.0	Hepatomegaly, not elsewhere classified	skos:closeMatch	mesh:D006529	Hepatomegaly	semapv:SemanticSimilarity	2019	2025	https://github.com/gyorilab/mapnet/blob/main/scripts/generate_leonmap_mesh_icd10_mapping.py	leonmap	0.1.0	2026-07-31	0.913777
icd10:R50.9	Fever, unspecified	skos:closeMatch	mesh:D005334	Fever	semapv:SemanticSimilarity	2019	2025	https://github.com/gyorilab/mapnet/blob/main/scripts/generate_leonmap_mesh_icd10_mapping.py	leonmap	0.1.0	2026-07-31	0.950693
icd10:R54	Senility	skos:closeMatch	mesh:C000841	Senilex	semapv:SemanticSimilarity	2019	2025	https://github.com/gyorilab/mapnet/blob/main/scripts/generate_leonmap_mesh_icd10_mapping.py	leonmap	0.1.0	2026-07-31	0.913491
icd10:R57.9	Shock, unspecified	skos:closeMatch	mesh:D012769	Shock	semapv:SemanticSimilarity	2019	2025	https://github.com/gyorilab/mapnet/blob/main/scripts/generate_leonmap_mesh_icd10_mapping.py	leonmap	0.1.0	2026-07-31	0.916102
icd10:S02.6	Fracture of mandible	skos:closeMatch	mesh:D008337	Mandibular Fractures	semapv:SemanticSimilarity	2019	2025	https://github.com/gyorilab/mapnet/blob/main/scripts/generate_leonmap_mesh_icd10_mapping.py	leonmap	0.1.0	2026-07-31	0.915732
icd10:S10.9	Superficial injury of neck, part unspecified	skos:closeMatch	mesh:D019838	Neck Injuries	semapv:SemanticSimilarity	2019	2025	https://github.com/gyorilab/mapnet/blob/main/scripts/generate_leonmap_mesh_icd10_mapping.py	leonmap	0.1.0	2026-07-31	0.903457
icd10:S22.3	Fracture of rib	skos:closeMatch	mesh:D012253	Rib Fractures	semapv:SemanticSimilarity	2019	2025	https://github.com/gyorilab/mapnet/blob/main/scripts/generate_leonmap_mesh_icd10_mapping.py	leonmap	0.1.0	2026-07-31	0.90142
icd10:S36.9	Injury of unspecified intra-abdominal organ	skos:closeMatch	mesh:D000007	Abdominal Injuries	semapv:SemanticSimilarity	2019	2025	https://github.com/gyorilab/mapnet/blob/main/scripts/generate_leonmap_mesh_icd10_mapping.py	leonmap	0.1.0	2026-07-31	0.907283
icd10:S59	Other and unspecified injuries of forearm	skos:closeMatch	mesh:D005543	Forearm Injuries	semapv:SemanticSimilarity	2019	2025	https://github.com/gyorilab/mapnet/blob/main/scripts/generate_leonmap_mesh_icd10_mapping.py	leonmap	0.1.0	2026-07-31	0.916459
icd10:S72.9	Fracture of femur, part unspecified	skos:closeMatch	mesh:D005264	Femoral Fractures	semapv:SemanticSimilarity	2019	2025	https://github.com/gyorilab/mapnet/blob/main/scripts/generate_leonmap_mesh_icd10_mapping.py	leonmap	0.1.0	2026-07-31	0.916549
icd10:S89	Other and unspecified injuries of lower leg	skos:closeMatch	mesh:D007869	Leg Injuries	semapv:SemanticSimilarity	2019	2025	https://github.com/gyorilab/mapnet/blob/main/scripts/generate_leonmap_mesh_icd10_mapping.py	leonmap	0.1.0	2026-07-31	0.923438
icd10:T05.6	Traumatic amputation of upper and lower limbs, any combination [any level]	skos:closeMatch	mesh:D000673	Amputation, Traumatic	semapv:SemanticSimilarity	2019	2025	https://github.com/gyorilab/mapnet/blob/main/scripts/generate_leonmap_mesh_icd10_mapping.py	leonmap	0.1.0	2026-07-31	0.902036
icd10:T05.9	Multiple traumatic amputations, unspecified	skos:closeMatch	mesh:D000092283	Multiple Amputations, Traumatic	semapv:SemanticSimilarity	2019	2025	https://github.com/gyorilab/mapnet/blob/main/scripts/generate_leonmap_mesh_icd10_mapping.py	leonmap	0.1.0	2026-07-31	0.903097
icd10:T11.9	Unspecified injury of upper limb, level unspecified	skos:closeMatch	mesh:D001134	Arm Injuries	semapv:SemanticSimilarity	2019	2025	https://github.com/gyorilab/mapnet/blob/main/scripts/generate_leonmap_mesh_icd10_mapping.py	leonmap	0.1.0	2026-07-31	0.911137
icd10:T39.2	Pyrazolone derivatives	skos:closeMatch	mesh:C038362	pyrazolone	semapv:SemanticSimilarity	2019	2025	https://github.com/gyorilab/mapnet/blob/main/scripts/generate_leonmap_mesh_icd10_mapping.py	leonmap	0.1.0	2026-07-31	0.9453
icd10:T40.7	Cannabis (derivatives)	skos:closeMatch	mesh:C523881	cannabiscitrin	semapv:SemanticSimilarity	2019	2025	https://github.com/gyorilab/mapnet/blob/main/scripts/generate_leonmap_mesh_icd10_mapping.py	leonmap	0.1.0	2026-07-31	0.910659
icd10:T41.4	Anaesthetic, unspecified	skos:closeMatch	mesh:C078186	NUM anaesthetic	semapv:SemanticSimilarity	2019	2025	https://github.com/gyorilab/mapnet/blob/main/scripts/generate_leonmap_mesh_icd10_mapping.py	leonmap	0.1.0	2026-07-31	0.910311
icd10:T45.4	Iron and its compounds	skos:closeMatch	mesh:D058085	Iron Compounds	semapv:SemanticSimilarity	2019	2025	https://github.com/gyorilab/mapnet/blob/main/scripts/generate_leonmap_mesh_icd10_mapping.py	leonmap	0.1.0	2026-07-31	0.918325
icd10:T56.1	Mercury and its compounds	skos:closeMatch	mesh:D017669	Mercury Compounds	semapv:SemanticSimilarity	2019	2025	https://github.com/gyorilab/mapnet/blob/main/scripts/generate_leonmap_mesh_icd10_mapping.py	leonmap	0.1.0	2026-07-31	0.909351
icd10:T56.2	Chromium and its compounds	skos:closeMatch	mesh:D017608	Chromium Compounds	semapv:SemanticSimilarity	2019	2025	https://github.com/gyorilab/mapnet/blob/main/scripts/generate_leonmap_mesh_icd10_mapping.py	leonmap	0.1.0	2026-07-31	0.920908
icd10:T56.3	Cadmium and its compounds	skos:closeMatch	mesh:D019187	Cadmium Compounds	semapv:SemanticSimilarity	2019	2025	https://github.com/gyorilab/mapnet/blob/main/scripts/generate_leonmap_mesh_icd10_mapping.py	leonmap	0.1.0	2026-07-31	0.903476
icd10:T56.5	Zinc and its compounds	skos:closeMatch	mesh:D017967	Zinc Compounds	semapv:SemanticSimilarity	2019	2025	https://github.com/gyorilab/mapnet/blob/main/scripts/generate_leonmap_mesh_icd10_mapping.py	leonmap	0.1.0	2026-07-31	0.910898
icd10:T56.6	Tin and its compounds	skos:closeMatch	mesh:D017971	Tin Compounds	semapv:SemanticSimilarity	2019	2025	https://github.com/gyorilab/mapnet/blob/main/scripts/generate_leonmap_mesh_icd10_mapping.py	leonmap	0.1.0	2026-07-31	0.905667
icd10:T57.0	Arsenic and its compounds	skos:closeMatch	mesh:D001152	Arsenicals	semapv:SemanticSimilarity	2019	2025	https://github.com/gyorilab/mapnet/blob/main/scripts/generate_leonmap_mesh_icd10_mapping.py	leonmap	0.1.0	2026-07-31	0.930332
icd10:T57.1	Phosphorus and its compounds	skos:closeMatch	mesh:D017553	Phosphorus Compounds	semapv:SemanticSimilarity	2019	2025	https://github.com/gyorilab/mapnet/blob/main/scripts/generate_leonmap_mesh_icd10_mapping.py	leonmap	0.1.0	2026-07-31	0.918537
icd10:T57.2	Manganese and its compounds	skos:closeMatch	mesh:D017895	Manganese Compounds	semapv:SemanticSimilarity	2019	2025	https://github.com/gyorilab/mapnet/blob/main/scripts/generate_leonmap_mesh_icd10_mapping.py	leonmap	0.1.0	2026-07-31	0.93029
icd10:T63.2	Venom of scorpion	skos:closeMatch	mesh:C407873	scorpine	semapv:SemanticSimilarity	2019	2025	https://github.com/gyorilab/mapnet/blob/main/scripts/generate_leonmap_mesh_icd10_mapping.py	leonmap	0.1.0	2026-07-31	0.936932
icd10:T81.1	Shock during or resulting from a procedure, not elsewhere classified	skos:closeMatch	mesh:D012773	Shock, Surgical	semapv:SemanticSimilarity	2019	2025	https://github.com/gyorilab/mapnet/blob/main/scripts/generate_leonmap_mesh_icd10_mapping.py	leonmap	0.1.0	2026-07-31	0.90634
icd10:U84.2	Resistance to antiviral drug(s)	skos:closeMatch	mesh:D024882	Drug Resistance, Viral	semapv:SemanticSimilarity	2019	2025	https://github.com/gyorilab/mapnet/blob/main/scripts/generate_leonmap_mesh_icd10_mapping.py	leonmap	0.1.0	2026-07-31	0.908506
icd10:W78	Inhalation of gastric contents	skos:closeMatch	mesh:D063466	Respiratory Aspiration of Gastric Contents	semapv:SemanticSimilarity	2019	2025	https://github.com/gyorilab/mapnet/blob/main/scripts/generate_leonmap_mesh_icd10_mapping.py	leonmap	0.1.0	2026-07-31	0.904387
icd10:X	Diseases of the respiratory system	skos:closeMatch	mesh:D012818	Signs and Symptoms, Respiratory	semapv:SemanticSimilarity	2019	2025	https://github.com/gyorilab/mapnet/blob/main/scripts/generate_leonmap_mesh_icd10_mapping.py	leonmap	0.1.0	2026-07-31	0.912769
icd10:Y57.9	Drug or medicament, unspecified	skos:closeMatch	mesh:D	Chemicals and Drugs	semapv:SemanticSimilarity	2019	2025	https://github.com/gyorilab/mapnet/blob/main/scripts/generate_leonmap_mesh_icd10_mapping.py	leonmap	0.1.0	2026-07-31	0.903533
icd10:Z64.0	Problems related to unwanted pregnancy	skos:closeMatch	mesh:D011275	Pregnancy, Unwanted	semapv:SemanticSimilarity	2019	2025	https://github.com/gyorilab/mapnet/blob/main/scripts/generate_leonmap_mesh_icd10_mapping.py	leonmap	0.1.0	2026-07-31	0.900277
